Nr;Opleidingsniveau;Geslacht;Oordeel keuzemogelijkheden;Oordeel moeilijkheidsgraad;Arbeidsuren_per_week;Bruto_maandinkomen;Leeftijd;Gaan doen na vmbo;Opleidingsniveau moeder;Opleidingsniveau vader;Oordeel aansluiting;Vervolgopleiding nog steeds volgen
0;vmbo;vrouw;4;4;8.0;120.0;17;MBO-BOL;MBO;LBO of vmbo;redelijk;ja
1;vmbo;vrouw;6;4;10.0;4.0;17;MBO-BOL;MBO;MBO;matig;ja
2;vmbo;vrouw;3;4;9.0;;17;MBO-BOL;MBO;MBO;redelijk;ja
3;vmbo;man;5;4;12.0;220.0;17;MBO-BOL;MBO;MBO;redelijk;ja
4;vmbo;vrouw;4;4;8.0;120.0;17;MBO-BOL;HBO of WO;MBO;matig;ja
5;vmbo;vrouw;5;3;10.0;250.0;19;MBO-BOL;LBO of vmbo;basisonderwijs;redelijk;ja
6;vmbo;vrouw;4;4;;;18;MBO-BOL;MBO;LBO of vmbo;redelijk;ja
7;vmbo;vrouw;4;5;7.0;100.0;16;MBO-BOL;HBO of WO;MBO;matig;ja
8;vmbo;vrouw;2;4;25.0;200.0;17;MBO-BOL;LBO of vmbo;LBO of vmbo;redelijk;ja
9;vmbo;man;;4;4.0;100.0;17;MBO-BOL;MBO;HBO of WO;redelijk;ja
10;vmbo;vrouw;3;3;24.0;;17;MBO-BOL;LBO of vmbo;basisonderwijs;goed;nee, gestopt
11;vmbo;man;5;3;9.0;190.0;17;MBO-BOL;havo of vwo;HBO of WO;redelijk;ja
12;vmbo;man;5;4;10.0;200.0;18;MBO-BOL;MBO;LBO of vmbo;matig;nee, gestopt
13;vmbo;vrouw;4;1;;;18;MBO-BOL;HBO of WO;MBO;goed;ja
14;vmbo;man;4;4;;;17;MBO-BOL;LBO of vmbo;havo of vwo;redelijk;ja
15;vmbo;man;1;1;;;17;MBO-BOL;HBO of WO;HBO of WO;matig;ja
16;vmbo;vrouw;4;3;;;17;MBO-BOL;HBO of WO;HBO of WO;matig;ja
17;vmbo;man;4;3;;;17;MBO-BOL;MBO;MBO;redelijk;ja
18;vmbo;man;6;3;7.0;80.0;15;MBO-BOL;MBO;HBO of WO;goed;ja
19;vmbo;vrouw;3;3;7.0;100.0;17;MBO-BOL;havo of vwo;havo of vwo;redelijk;ja
20;vmbo;man;6;3;11.0;95.0;17;MBO-BOL;HBO of WO;MBO;redelijk;ja
21;vmbo;vrouw;5;3;9.0;150.0;18;MBO-BOL;MBO;LBO of vmbo;redelijk;ja
22;vmbo;vrouw;4;4;;;16;MBO-BOL;LBO of vmbo;LBO of vmbo;redelijk;ja
23;vmbo;man;5;4;6.0;120.0;16;MBO-BOL;MBO;HBO of WO;goed;ja
24;vmbo;vrouw;;;8.0;130.0;18;MBO-BOL;havo of vwo;havo of vwo;redelijk;ja
25;vmbo;vrouw;4;4;12.0;85.0;18;MBO-BBL;HBO of WO;HBO of WO;redelijk;ja
26;vmbo;vrouw;;;;;17;MBO-BOL;;;redelijk;ja
27;vmbo;vrouw;4;6;7.0;;17;MBO-BOL;LBO of vmbo;MBO;goed;ja
28;vmbo;man;5;5;;;17;MBO-BOL;MBO;HBO of WO;goed;ja
29;vmbo;vrouw;3;1;;;17;MBO-BOL;LBO of vmbo;havo of vwo;matig;ja
30;vmbo;vrouw;6;5;6.0;130.0;17;MBO-BOL;basisonderwijs;LBO of vmbo;redelijk;ja
31;vmbo;vrouw;5;4;6.0;200.0;17;MBO-BOL;MBO;havo of vwo;matig;ja
32;vmbo;vrouw;5;4;;;18;MBO-BBL;HBO of WO;HBO of WO;redelijk;ja
33;vmbo;vrouw;5;4;24.0;217.0;18;MBO-BOL;MBO;MBO;redelijk;ja
34;vmbo;vrouw;6;3;;;17;MBO-BOL;MBO;HBO of WO;matig;ja
35;vmbo;vrouw;4;4;;;17;MBO-BOL;MBO;MBO;goed;ja
36;vmbo;man;6;4;9.0;;18;MBO-BOL;HBO of WO;HBO of WO;redelijk;ja
37;vmbo;vrouw;5;4;10.0;150.0;18;MBO-BOL;HBO of WO;HBO of WO;goed;ja
38;vmbo;vrouw;5;3;;;17;overig;LBO of vmbo;LBO of vmbo;;
39;vmbo;man;4;5;;;17;MBO-BOL;;;goed;ja
40;vmbo;vrouw;6;2;;;18;MBO-BOL;MBO;HBO of WO;goed;ja
41;vmbo;vrouw;6;4;;;17;MBO-BOL;MBO;MBO;goed;ja
42;vmbo;vrouw;3;3;10.0;;18;MBO-BOL;;;matig;ja
43;vmbo;vrouw;5;3;;;17;MBO-BOL;MBO;HBO of WO;matig;ja
44;vmbo;vrouw;3;5;12.0;250.0;17;MBO-BOL;MBO;MBO;redelijk;ja
45;vmbo;vrouw;5;4;12.0;2165.0;18;MBO-BOL;havo of vwo;LBO of vmbo;goed;ja
46;vmbo;vrouw;6;4;6.0;106.0;17;MBO-BOL;MBO;MBO;goed;ja
47;vmbo;man;5;4;;;18;MBO-BOL;HBO of WO;HBO of WO;slecht;nee, gestopt
48;vmbo;vrouw;4;3;;;17;MBO-BOL;MBO;MBO;goed;ja
49;vmbo;man;4;3;;;17;MBO-BOL;MBO;HBO of WO;matig;ja
50;vmbo;man;3;3;32.0;871.0;17;MBO-BBL;LBO of vmbo;MBO;redelijk;ja
51;vmbo;man;;;32.0;600.0;17;MBO-BBL;;;matig;ja
52;vmbo;man;4;2;;;17;MBO-BOL;MBO;HBO of WO;redelijk;ja
53;vmbo;man;6;5;40.0;1400.0;17;MBO-BBL;LBO of vmbo;LBO of vmbo;matig;ja
54;vmbo;man;5;4;;;17;MBO-BOL;MBO;LBO of vmbo;goed;ja
55;vmbo;vrouw;5;3;;;18;MBO-BOL;LBO of vmbo;MBO;goed;ja
56;vmbo;vrouw;4;3;12.0;70.0;18;MBO-BBL;HBO of WO;MBO;goed;ja
57;vmbo;vrouw;6;4;5.0;;17;MBO-BOL;MBO;basisonderwijs;matig;ja
58;vmbo;vrouw;4;3;;;18;MBO-BOL;havo of vwo;MBO;redelijk;ja
59;vmbo;vrouw;5;2;;;17;MBO-BOL;MBO;MBO;goed;ja
60;vmbo;vrouw;4;4;;;18;MBO-BOL;LBO of vmbo;MBO;redelijk;ja
61;vmbo;man;4;3;33.0;;18;geen opleiding, gaan werken;havo of vwo;havo of vwo;;
62;vmbo;vrouw;6;5;8.0;160.0;18;MBO-BOL;HBO of WO;HBO of WO;redelijk;ja
63;vmbo;man;4;5;32.0;800.0;15;MBO-BBL;havo of vwo;havo of vwo;goed;ja
64;vmbo;man;2;3;;;17;MBO-BOL;basisonderwijs;havo of vwo;redelijk;ja
65;vmbo;vrouw;5;5;;;17;MBO-BOL;HBO of WO;HBO of WO;goed;ja
66;vmbo;man;6;4;32.0;669.0;17;MBO-BBL;havo of vwo;havo of vwo;redelijk;ja
67;vmbo;vrouw;5;2;;;18;MBO-BBL;LBO of vmbo;LBO of vmbo;matig;ja
68;vmbo;vrouw;4;3;;;17;MBO-BOL;MBO;MBO;redelijk;ja
69;vmbo;man;5;4;16.0;250.0;18;MBO-BOL;HBO of WO;HBO of WO;redelijk;ja
70;vmbo;man;4;4;40.0;700.0;17;MBO-BBL;HBO of WO;HBO of WO;slecht;ja
71;vmbo;vrouw;3;3;;3.0;17;MBO-BOL;MBO;MBO;goed;ja
72;vmbo;vrouw;;;32.0;400.0;17;MBO-BBL;;;goed;ja
73;vmbo;man;4;5;;;18;MBO-BOL;;basisonderwijs;matig;ja
74;vmbo;vrouw;6;4;12.0;110.0;18;MBO-BOL;LBO of vmbo;havo of vwo;redelijk;ja
75;vmbo;man;5;6;20.0;150.0;17;MBO-BOL;HBO of WO;HBO of WO;redelijk;ja
76;vmbo;man;5;5;8.0;;18;MBO-BBL;HBO of WO;MBO;goed;ja
77;vmbo;vrouw;5;4;9.0;120.0;17;MBO-BOL;MBO;HBO of WO;matig;ja
78;vmbo;vrouw;5;5;32.0;500.0;19;MBO-BBL;LBO of vmbo;LBO of vmbo;redelijk;ja
79;vmbo;vrouw;3;4;;;17;MBO-BOL;HBO of WO;MBO;redelijk;ja
80;vmbo;vrouw;4;4;10.0;200.0;18;MBO-BOL;MBO;LBO of vmbo;goed;ja
81;vmbo;man;6;5;5.0;80.0;18;MBO-BOL;MBO;MBO;redelijk;ja
82;vmbo;man;2;3;8.0;150.0;16;MBO-BOL;LBO of vmbo;LBO of vmbo;redelijk;ja
83;vmbo;vrouw;4;4;12.0;150.0;18;MBO-BOL;MBO;MBO;redelijk;ja
84;vmbo;vrouw;3;4;;;17;MBO-BOL;MBO;MBO;matig;ja
85;vmbo;vrouw;4;3;8.0;80.0;18;MBO-BOL;LBO of vmbo;;redelijk;ja
86;vmbo;vrouw;6;3;;;18;MBO-BOL;basisonderwijs;basisonderwijs;goed;ja
87;vmbo;man;4;1;32.0;;18;MBO-BBL;LBO of vmbo;MBO;redelijk;ja
88;vmbo;man;4;4;16.0;120.0;18;MBO-BOL;;;goed;ja
89;vmbo;vrouw;7;7;12.0;282.0;17;MBO-BBL;HBO of WO;MBO;goed;ja
90;vmbo;man;5;2;16.0;500.0;18;MBO-BOL;MBO;MBO;redelijk;ja
91;vmbo;vrouw;5;5;15.0;350.0;17;MBO-BBL;LBO of vmbo;LBO of vmbo;matig;ja
92;vmbo;man;3;4;6.0;100.0;18;MBO-BOL;LBO of vmbo;havo of vwo;goed;ja
93;vmbo;man;6;4;7.0;100.0;18;MBO-BOL;LBO of vmbo;havo of vwo;goed;ja
94;vmbo;vrouw;4;4;;;17;MBO-BOL;MBO;HBO of WO;redelijk;ja
95;vmbo;man;4;4;32.0;134.0;18;MBO-BBL;MBO;HBO of WO;goed;ja
96;vmbo;man;6;4;8.0;;18;MBO-BOL;havo of vwo;HBO of WO;goed;ja
97;vmbo;vrouw;6;6;30.0;300.0;19;MBO-BBL;LBO of vmbo;LBO of vmbo;matig;nee, gestopt
98;vmbo;man;5;5;4.0;;18;MBO-BOL;LBO of vmbo;MBO;redelijk;ja
99;vmbo;man;4;4;8.0;;18;MBO-BOL;MBO;havo of vwo;goed;ja
100;vmbo;vrouw;3;4;;;19;overig;MBO;MBO;;
101;vmbo;man;5;5;6.0;150.0;17;MBO-BOL;MBO;LBO of vmbo;redelijk;ja
102;vmbo;vrouw;4;5;;;18;MBO-BOL;MBO;LBO of vmbo;goed;nee, gestopt
103;vmbo;man;3;3;;;18;MBO-BOL;HBO of WO;HBO of WO;goed;ja
104;vmbo;man;3;3;4.0;90.0;16;;LBO of vmbo;LBO of vmbo;;
105;vmbo;vrouw;3;2;;;18;MBO-BBL;HBO of WO;HBO of WO;redelijk;ja
106;vmbo;vrouw;4;4;;;18;MBO-BOL;MBO;HBO of WO;goed;ja
107;vmbo;man;5;4;;;16;MBO-BOL;MBO;MBO;goed;ja
108;vmbo;man;3;1;10.0;300.0;17;havo;MBO;HBO of WO;redelijk;ja
109;vmbo;man;3;1;6.0;250.0;18;havo;havo of vwo;havo of vwo;matig;ja
110;vmbo;man;2;1;;;17;havo;HBO of WO;HBO of WO;goed;ja
111;vmbo;vrouw;5;3;15.0;250.0;17;MBO-BOL;HBO of WO;HBO of WO;goed;ja
112;vmbo;vrouw;3;2;9.0;250.0;17;havo;havo of vwo;HBO of WO;matig;ja
113;vmbo;man;4;4;40.0;;17;MBO-BOL;LBO of vmbo;HBO of WO;goed;nee, gestopt
114;vmbo;man;3;3;;;17;MBO-BOL;MBO;MBO;goed;ja
115;vmbo;vrouw;4;4;;;18;MBO-BOL;LBO of vmbo;MBO;goed;ja
116;vmbo;vrouw;5;4;8.0;150.0;17;MBO-BOL;MBO;HBO of WO;goed;ja
117;vmbo;man;4;4;;;17;MBO-BOL;HBO of WO;HBO of WO;goed;ja
118;vmbo;man;4;3;30.0;550.0;17;MBO-BBL;MBO;havo of vwo;goed;ja
119;vmbo;vrouw;4;4;4.0;;17;MBO-BOL;MBO;basisonderwijs;matig;ja
120;vmbo;vrouw;5;4;;;18;MBO-BOL;HBO of WO;HBO of WO;redelijk;ja
121;vmbo;vrouw;6;5;18.0;128.0;17;MBO-BOL;MBO;LBO of vmbo;goed;ja
122;vmbo;vrouw;4;4;5.0;75.0;17;MBO-BOL;LBO of vmbo;LBO of vmbo;goed;ja
123;vmbo;man;5;5;8.0;120.0;17;MBO-BOL;MBO;MBO;goed;nee, gestopt
124;vmbo;vrouw;3;3;;;17;MBO-BOL;basisonderwijs;basisonderwijs;slecht;ja
125;vmbo;vrouw;5;5;30.0;800.0;19;MBO-BOL;MBO;MBO;goed;nee, gestopt
126;vmbo;vrouw;2;4;12.0;200.0;17;MBO-BOL;LBO of vmbo;havo of vwo;redelijk;ja
127;vmbo;vrouw;1;2;;;17;MBO-BOL;HBO of WO;MBO;slecht;ja
128;vmbo;vrouw;3;4;12.0;150.0;17;MBO-BOL;MBO;MBO;slecht;ja
129;vmbo;vrouw;3;1;12.0;300.0;17;havo;HBO of WO;HBO of WO;matig;ja
130;vmbo;man;6;3;8.0;100.0;17;MBO-BOL;HBO of WO;MBO;goed;ja
131;vmbo;vrouw;5;4;;;17;MBO-BOL;MBO;MBO;redelijk;ja
132;vmbo;man;3;1;;;18;havo;;HBO of WO;redelijk;ja
133;vmbo;vrouw;4;4;;;17;MBO-BOL;MBO;HBO of WO;slecht;ja
134;vmbo;vrouw;4;4;27.0;420.0;17;MBO-BBL;MBO;HBO of WO;goed;ja
135;vmbo;man;3;2;6.0;120.0;17;MBO-BOL;LBO of vmbo;MBO;matig;ja
136;vmbo;vrouw;3;3;18.0;200.0;17;MBO-BOL;MBO;basisonderwijs;redelijk;ja
137;vmbo;vrouw;5;3;5.0;120.0;17;MBO-BBL;MBO;MBO;matig;ja
138;vmbo;man;5;5;14.0;;17;MBO-BOL;MBO;MBO;redelijk;ja
139;vmbo;man;;;;;17;MBO-BOL;;;;
140;vmbo;vrouw;;;;;18;MBO-BBL;;;;
141;vmbo;vrouw;5;4;9.0;5.0;18;MBO-BOL;LBO of vmbo;LBO of vmbo;goed;ja
142;vmbo;man;5;4;8.0;100.0;18;MBO-BOL;MBO;MBO;goed;ja
143;vmbo;man;4;3;;;17;MBO-BOL;LBO of vmbo;LBO of vmbo;matig;ja
144;vmbo;vrouw;5;5;;;18;MBO-BOL;MBO;HBO of WO;redelijk;ja
145;vmbo;vrouw;2;2;8.0;220.0;18;MBO-BOL;LBO of vmbo;LBO of vmbo;redelijk;ja
146;vmbo;man;5;4;;7.0;18;MBO-BOL;havo of vwo;LBO of vmbo;matig;ja
147;vmbo;vrouw;4;4;;;17;MBO-BOL;HBO of WO;HBO of WO;redelijk;ja
148;vmbo;vrouw;3;4;10.0;100.0;17;MBO-BOL;HBO of WO;;matig;ja
149;vmbo;vrouw;5;4;16.0;200.0;18;MBO-BOL;MBO;MBO;redelijk;ja
150;vmbo;man;5;4;;;19;MBO-BOL;;;goed;ja
151;vmbo;vrouw;4;4;;;18;MBO-BOL;HBO of WO;HBO of WO;goed;ja
152;vmbo;vrouw;4;4;;;18;MBO-BOL;MBO;;slecht;nee, gestopt
153;vmbo;man;4;3;;;18;MBO-BOL;havo of vwo;LBO of vmbo;slecht;ja
154;vmbo;vrouw;6;5;12.0;300.0;19;MBO-BOL;MBO;LBO of vmbo;goed;ja
155;vmbo;vrouw;2;2;7.0;65.0;17;MBO-BOL;HBO of WO;MBO;goed;ja
156;vmbo;man;3;4;;;18;MBO-BOL;;;goed;ja
157;vmbo;man;4;4;8.0;;18;MBO-BOL;HBO of WO;LBO of vmbo;redelijk;ja
158;vmbo;vrouw;4;3;16.0;400.0;18;MBO-BOL;MBO;HBO of WO;goed;ja
159;vmbo;vrouw;4;4;9.0;38.0;17;MBO-BOL;MBO;MBO;goed;ja
160;vmbo;vrouw;5;4;;;18;MBO-BOL;LBO of vmbo;MBO;goed;ja
161;vmbo;man;;;;;18;;;;;
162;vmbo;vrouw;4;5;10.0;400.0;18;MBO-BOL;basisonderwijs;MBO;matig;ja
163;vmbo;vrouw;5;3;8.0;130.0;18;MBO-BOL;LBO of vmbo;LBO of vmbo;goed;ja
164;vmbo;vrouw;4;3;4.0;90.0;18;MBO-BOL;MBO;MBO;redelijk;ja
165;vmbo;man;4;6;9.0;;17;overig;HBO of WO;HBO of WO;;
166;vmbo;man;;;;;18;;;;;
167;vmbo;vrouw;7;7;8.0;3.0;17;MBO-BOL;basisonderwijs;LBO of vmbo;redelijk;ja
168;vmbo;vrouw;7;5;;;18;MBO-BOL;;;redelijk;ja
169;vmbo;vrouw;5;4;;;17;MBO-BOL;LBO of vmbo;MBO;goed;ja
170;vmbo;vrouw;3;3;32.0;500.0;18;MBO-BBL;LBO of vmbo;;redelijk;nee, diploma behaald
171;vmbo;man;5;5;;;19;MBO-BOL;MBO;basisonderwijs;goed;ja
172;vmbo;vrouw;5;2;52.0;400.0;18;MBO-BOL;basisonderwijs;HBO of WO;redelijk;ja
173;vmbo;man;5;3;8.0;150.0;17;MBO-BOL;MBO;LBO of vmbo;goed;ja
174;vmbo;vrouw;5;3;9.0;200.0;17;MBO-BOL;havo of vwo;LBO of vmbo;matig;ja
175;vmbo;man;5;3;6.0;120.0;18;;LBO of vmbo;havo of vwo;;
176;vmbo;man;5;4;32.0;1700.0;18;overig;LBO of vmbo;MBO;;
177;vmbo;man;5;5;;;17;MBO-BOL;HBO of WO;HBO of WO;redelijk;ja
178;vmbo;vrouw;5;5;3.0;800.0;17;MBO-BOL;MBO;MBO;redelijk;ja
179;vmbo;vrouw;1;3;;;18;MBO-BOL;;;slecht;ja
180;vmbo;man;4;4;8.0;150.0;17;MBO-BOL;LBO of vmbo;LBO of vmbo;redelijk;ja
181;vmbo;vrouw;;;5.0;180.0;18;overig;;;;
182;vmbo;vrouw;4;4;;;18;MBO-BOL;basisonderwijs;basisonderwijs;matig;nee, gestopt
183;vmbo;vrouw;7;5;;;18;MBO-BOL;MBO;MBO;goed;ja
184;vmbo;vrouw;3;4;20.0;400.0;19;MBO-BOL;LBO of vmbo;LBO of vmbo;goed;ja
185;vmbo;man;4;4;10.0;;17;MBO-BOL;LBO of vmbo;LBO of vmbo;redelijk;ja
186;vmbo;man;6;5;12.0;350.0;17;MBO-BOL;HBO of WO;HBO of WO;redelijk;ja
187;vmbo;man;6;3;;;17;MBO-BOL;HBO of WO;HBO of WO;goed;ja
188;vmbo;vrouw;4;5;;;18;MBO-BOL;MBO;HBO of WO;redelijk;ja
189;vmbo;vrouw;4;3;11.0;300.0;17;MBO-BOL;MBO;MBO;matig;ja
190;vmbo;man;4;4;;;18;MBO-BBL;havo of vwo;LBO of vmbo;goed;ja
191;vmbo;man;3;3;10.0;100.0;17;MBO-BOL;MBO;HBO of WO;goed;nee, gestopt
192;vmbo;vrouw;4;2;5.0;100.0;17;MBO-BOL;MBO;MBO;goed;ja
193;vmbo;vrouw;5;5;;;17;MBO-BOL;MBO;MBO;redelijk;ja
194;vmbo;man;5;4;10.0;;17;MBO-BOL;LBO of vmbo;MBO;goed;ja
195;vmbo;man;5;4;;;17;MBO-BOL;MBO;LBO of vmbo;goed;ja
196;vmbo;man;5;5;;;17;MBO-BOL;HBO of WO;LBO of vmbo;goed;ja
197;vmbo;man;4;3;;;17;MBO-BOL;MBO;LBO of vmbo;goed;ja
198;vmbo;vrouw;5;5;7.0;100.0;17;MBO-BOL;HBO of WO;MBO;redelijk;ja
199;vmbo;man;6;3;;;17;havo;MBO;MBO;goed;ja
200;vmbo;vrouw;3;4;9.0;110.0;17;MBO-BOL;;;matig;ja
201;vmbo;man;3;3;6.0;150.0;17;MBO-BOL;MBO;MBO;redelijk;ja
202;vmbo;vrouw;5;3;5.0;90.0;17;havo;MBO;LBO of vmbo;matig;ja
203;vmbo;vrouw;4;5;;;17;MBO-BOL;LBO of vmbo;MBO;redelijk;ja
204;vmbo;man;4;4;;;18;MBO-BOL;LBO of vmbo;LBO of vmbo;goed;ja
205;vmbo;man;4;3;;;17;MBO-BOL;MBO;LBO of vmbo;redelijk;ja
206;vmbo;vrouw;4;4;43.0;100.0;18;MBO-BOL;LBO of vmbo;havo of vwo;redelijk;ja
207;vmbo;man;6;2;;;18;overig;LBO of vmbo;LBO of vmbo;;
208;vmbo;vrouw;3;4;4.0;;17;MBO-BOL;MBO;MBO;goed;ja
209;vmbo;vrouw;6;4;10.0;80.0;17;MBO-BOL;MBO;LBO of vmbo;goed;ja
210;vmbo;vrouw;3;4;12.0;;17;MBO-BOL;MBO;MBO;goed;ja
211;vmbo;man;4;4;14.0;180.0;17;MBO-BOL;havo of vwo;havo of vwo;redelijk;ja
212;vmbo;man;4;3;10.0;200.0;17;MBO-BOL;MBO;MBO;goed;ja
213;vmbo;vrouw;4;4;;;17;overig;LBO of vmbo;LBO of vmbo;;
214;vmbo;vrouw;4;4;;;18;MBO-BOL;basisonderwijs;LBO of vmbo;goed;ja
215;vmbo;vrouw;4;4;7.0;100.0;17;MBO-BOL;LBO of vmbo;LBO of vmbo;redelijk;ja
216;vmbo;vrouw;5;4;15.0;260.0;17;MBO-BOL;MBO;MBO;goed;ja
217;vmbo;vrouw;4;4;;;18;MBO-BOL;MBO;HBO of WO;matig;ja
218;vmbo;vrouw;4;4;12.0;;17;MBO-BOL;LBO of vmbo;LBO of vmbo;matig;ja
219;vmbo;man;;;;;17;MBO-BOL;;;;
220;vmbo;man;4;3;8.0;200.0;18;MBO-BOL;MBO;MBO;goed;ja
221;havo of vwo;vrouw;5;4;24.0;499.0;19;;HBO of WO;HBO of WO;;
222;havo of vwo;man;5;3;5.0;90.0;17;;MBO;HBO of WO;redelijk;ja
223;havo of vwo;man;6;5;4.0;400.0;18;;HBO of WO;HBO of WO;;
224;havo of vwo;vrouw;3;5;15.0;120.0;18;;MBO;havo of vwo;goed;ja
225;havo of vwo;vrouw;2;3;15.0;250.0;18;;MBO;HBO of WO;redelijk;ja
226;havo of vwo;vrouw;;;;;15;;;;;
227;havo of vwo;man;4;3;24.0;400.0;18;;HBO of WO;MBO;goed;nee, gestopt
228;havo of vwo;vrouw;5;4;6.0;150.0;19;;LBO of vmbo;LBO of vmbo;goed;ja
229;havo of vwo;vrouw;4;4;;;19;;LBO of vmbo;havo of vwo;goed;ja
230;havo of vwo;vrouw;3;4;12.0;250.0;19;;MBO;MBO;matig;nee, gestopt
231;havo of vwo;vrouw;6;6;11.0;300.0;18;;havo of vwo;HBO of WO;goed;ja
232;havo of vwo;man;5;3;14.0;392.0;19;;MBO;HBO of WO;;
233;havo of vwo;man;5;3;;;18;;HBO of WO;HBO of WO;matig;ja
234;havo of vwo;vrouw;4;4;4.0;75.0;18;;HBO of WO;HBO of WO;;
235;havo of vwo;man;5;4;14.0;300.0;18;;havo of vwo;MBO;matig;nee, gestopt
236;havo of vwo;vrouw;5;4;12.0;240.0;18;;MBO;MBO;redelijk;nee, gestopt
237;havo of vwo;vrouw;3;5;;;18;;MBO;MBO;goed;ja
238;havo of vwo;vrouw;5;5;3.0;;17;;HBO of WO;HBO of WO;;
239;havo of vwo;vrouw;5;6;;;19;;HBO of WO;HBO of WO;goed;ja
240;havo of vwo;man;;;;;18;;;;;
241;havo of vwo;man;4;5;;;18;;MBO;HBO of WO;redelijk;ja
242;havo of vwo;vrouw;6;3;;;18;;HBO of WO;LBO of vmbo;redelijk;ja
243;havo of vwo;vrouw;4;3;;;19;;HBO of WO;HBO of WO;goed;ja
244;havo of vwo;vrouw;5;4;;;18;;MBO;MBO;redelijk;ja
245;havo of vwo;man;4;4;8.0;180.0;19;;HBO of WO;HBO of WO;goed;ja
246;havo of vwo;vrouw;6;6;;;18;;HBO of WO;HBO of WO;redelijk;ja
247;havo of vwo;vrouw;4;4;10.0;150.0;19;;HBO of WO;MBO;redelijk;ja
248;havo of vwo;man;4;3;;;18;;HBO of WO;HBO of WO;matig;ja
249;havo of vwo;vrouw;6;2;3.0;200.0;18;;HBO of WO;HBO of WO;;
250;havo of vwo;man;3;4;8.0;200.0;18;;LBO of vmbo;LBO of vmbo;;
251;havo of vwo;vrouw;;;;;18;;;;matig;
252;havo of vwo;vrouw;6;6;5.0;100.0;18;;MBO;HBO of WO;matig;ja
253;havo of vwo;man;3;4;9.0;300.0;18;;MBO;MBO;goed;ja
254;havo of vwo;vrouw;3;3;12.0;400.0;18;;MBO;HBO of WO;;
255;havo of vwo;vrouw;;;;;17;;;;;
256;havo of vwo;vrouw;5;3;;;18;;HBO of WO;HBO of WO;;
257;havo of vwo;man;4;4;8.0;200.0;18;;MBO;HBO of WO;goed;ja
258;havo of vwo;man;5;4;13.0;90.0;19;;HBO of WO;HBO of WO;;
259;havo of vwo;vrouw;5;5;6.0;;19;;havo of vwo;havo of vwo;goed;ja
260;havo of vwo;vrouw;6;6;;;19;;MBO;MBO;goed;ja
261;havo of vwo;vrouw;;;;;19;;;;;
262;havo of vwo;vrouw;;;;;19;;;;;
263;havo of vwo;vrouw;4;4;8.0;175.0;19;;MBO;HBO of WO;redelijk;ja
264;havo of vwo;vrouw;4;5;12.0;100.0;19;;HBO of WO;HBO of WO;redelijk;ja
265;havo of vwo;man;4;4;;;19;;HBO of WO;MBO;redelijk;nee, gestopt
266;havo of vwo;vrouw;6;4;;;18;;HBO of WO;HBO of WO;goed;ja
267;havo of vwo;man;2;4;10.0;6.0;19;;havo of vwo;HBO of WO;matig;ja
268;havo of vwo;man;4;4;;;19;;MBO;HBO of WO;goed;ja
269;havo of vwo;vrouw;4;4;5.0;200.0;19;;HBO of WO;HBO of WO;redelijk;ja
270;havo of vwo;vrouw;;;;;19;;;;;
271;havo of vwo;vrouw;3;5;;;18;;HBO of WO;MBO;redelijk;ja
272;havo of vwo;vrouw;5;5;;;19;;havo of vwo;havo of vwo;goed;ja
273;havo of vwo;vrouw;3;3;2.0;140.0;19;;MBO;MBO;goed;ja
274;havo of vwo;man;5;4;;;18;;HBO of WO;MBO;redelijk;ja
275;havo of vwo;vrouw;3;3;;;19;;LBO of vmbo;LBO of vmbo;goed;ja
276;havo of vwo;vrouw;4;4;;;18;;LBO of vmbo;HBO of WO;redelijk;ja
277;havo of vwo;man;5;3;;;19;;HBO of WO;HBO of WO;goed;ja
278;havo of vwo;vrouw;;;;;19;;;;;
279;havo of vwo;vrouw;4;4;;;19;;HBO of WO;HBO of WO;goed;ja
280;havo of vwo;man;4;2;;;18;;MBO;HBO of WO;goed;ja
281;havo of vwo;vrouw;4;4;16.0;200.0;19;;HBO of WO;MBO;goed;ja
282;havo of vwo;man;5;5;6.0;200.0;18;;LBO of vmbo;HBO of WO;redelijk;ja
283;havo of vwo;man;4;2;;;19;;LBO of vmbo;LBO of vmbo;goed;ja
284;havo of vwo;vrouw;4;4;;;19;;HBO of WO;HBO of WO;goed;ja
285;havo of vwo;vrouw;4;5;2.0;40.0;19;;HBO of WO;HBO of WO;goed;nee, gestopt
286;havo of vwo;vrouw;5;3;;;19;;MBO;HBO of WO;redelijk;ja
287;havo of vwo;man;5;4;;;19;;MBO;MBO;matig;nee, gestopt
288;havo of vwo;vrouw;4;3;3.0;100.0;19;;HBO of WO;HBO of WO;redelijk;ja
289;havo of vwo;vrouw;4;3;4.0;160.0;18;;HBO of WO;HBO of WO;goed;ja
290;havo of vwo;vrouw;4;5;14.0;350.0;19;;havo of vwo;MBO;matig;ja
291;havo of vwo;vrouw;5;4;;;19;;HBO of WO;HBO of WO;goed;ja
292;vmbo;man;1;1;;;18;overig;HBO of WO;HBO of WO;;
293;vmbo;man;2;4;60.0;39.0;17;MBO-BOL;havo of vwo;havo of vwo;goed;ja
294;vmbo;man;4;4;8.0;180.0;18;havo;HBO of WO;HBO of WO;goed;ja
295;vmbo;man;2;2;;;17;havo;MBO;HBO of WO;matig;ja
296;vmbo;man;6;3;10.0;180.0;17;MBO-BOL;MBO;HBO of WO;matig;ja
297;vmbo;vrouw;5;3;;;18;MBO-BOL;HBO of WO;HBO of WO;goed;ja
298;vmbo;man;4;3;;;17;MBO-BOL;MBO;HBO of WO;goed;ja
299;vmbo;man;5;2;8.0;200.0;17;MBO-BOL;MBO;MBO;goed;ja
300;vmbo;vrouw;5;3;;;17;havo;LBO of vmbo;LBO of vmbo;goed;ja
301;vmbo;vrouw;5;5;11.0;260.0;18;MBO-BOL;MBO;MBO;goed;ja
302;vmbo;vrouw;6;5;14.0;260.0;18;MBO-BOL;MBO;MBO;matig;ja
303;vmbo;man;5;4;7.0;200.0;18;MBO-BOL;HBO of WO;havo of vwo;redelijk;ja
304;vmbo;vrouw;6;6;10.0;300.0;18;MBO-BOL;MBO;MBO;matig;ja
305;vmbo;vrouw;3;4;10.0;150.0;17;MBO-BOL;havo of vwo;basisonderwijs;matig;ja
306;vmbo;vrouw;7;5;;;18;MBO-BOL;LBO of vmbo;LBO of vmbo;redelijk;ja
307;vmbo;vrouw;4;5;10.0;330.0;17;MBO-BOL;HBO of WO;HBO of WO;redelijk;ja
308;vmbo;man;6;6;6.0;120.0;16;MBO-BOL;LBO of vmbo;LBO of vmbo;redelijk;ja
309;vmbo;vrouw;4;4;;;17;MBO-BOL;MBO;MBO;redelijk;ja
310;vmbo;vrouw;6;5;;;19;MBO-BOL;MBO;MBO;redelijk;ja
311;vmbo;vrouw;5;4;;;18;MBO-BOL;MBO;;slecht;ja
312;vmbo;vrouw;6;5;8.0;120.0;18;MBO-BOL;MBO;LBO of vmbo;matig;ja
313;vmbo;vrouw;3;2;;;17;MBO-BOL;MBO;HBO of WO;redelijk;ja
314;vmbo;man;2;4;10.0;150.0;17;MBO-BOL;MBO;MBO;slecht;ja
315;vmbo;vrouw;3;4;;;17;MBO-BOL;LBO of vmbo;LBO of vmbo;matig;ja
316;vmbo;vrouw;5;5;10.0;275.0;17;MBO-BOL;LBO of vmbo;HBO of WO;slecht;ja
317;vmbo;man;4;4;;;18;MBO-BOL;MBO;LBO of vmbo;redelijk;ja
318;vmbo;vrouw;5;2;;;17;MBO-BOL;LBO of vmbo;basisonderwijs;matig;ja
319;vmbo;man;5;3;;;18;MBO-BOL;HBO of WO;;redelijk;ja
320;vmbo;vrouw;4;4;;;17;MBO-BOL;;;matig;ja
321;vmbo;man;6;4;3.0;90.0;17;MBO-BOL;havo of vwo;havo of vwo;matig;ja
322;vmbo;vrouw;;;;;18;MBO-BOL;;;redelijk;
323;vmbo;vrouw;2;5;10.0;177.0;17;MBO-BOL;MBO;MBO;redelijk;ja
324;vmbo;vrouw;5;5;;;18;MBO-BOL;LBO of vmbo;LBO of vmbo;goed;ja
325;vmbo;vrouw;2;2;15.0;230.0;18;MBO-BBL;HBO of WO;HBO of WO;redelijk;nee, diploma behaald
326;vmbo;vrouw;5;3;16.0;100.0;18;MBO-BOL;LBO of vmbo;LBO of vmbo;matig;ja
327;vmbo;vrouw;3;3;32.0;615.0;18;MBO-BOL;MBO;LBO of vmbo;matig;nee, diploma behaald
328;vmbo;man;2;5;;;18;MBO-BOL;MBO;MBO;slecht;ja
329;vmbo;vrouw;1;3;;;18;MBO-BOL;LBO of vmbo;LBO of vmbo;redelijk;nee, gestopt
330;vmbo;man;3;4;12.0;110.0;17;MBO-BOL;havo of vwo;HBO of WO;redelijk;ja
331;vmbo;vrouw;5;4;5.0;95.0;17;MBO-BOL;MBO;MBO;slecht;ja
332;vmbo;man;2;3;8.0;240.0;17;MBO-BOL;HBO of WO;MBO;redelijk;ja
333;vmbo;vrouw;6;3;;;18;MBO-BOL;LBO of vmbo;LBO of vmbo;slecht;ja
334;vmbo;vrouw;5;4;;;17;MBO-BOL;HBO of WO;LBO of vmbo;redelijk;ja
335;vmbo;man;5;3;8.0;180.0;18;MBO-BOL;MBO;LBO of vmbo;goed;ja
336;vmbo;vrouw;5;3;;;17;MBO-BOL;MBO;LBO of vmbo;redelijk;ja
337;vmbo;vrouw;3;4;10.0;50.0;17;MBO-BOL;HBO of WO;HBO of WO;matig;ja
338;vmbo;vrouw;4;4;44.0;200.0;18;MBO-BOL;;;redelijk;ja
339;vmbo;vrouw;5;4;;;17;MBO-BOL;HBO of WO;HBO of WO;goed;ja
340;vmbo;man;6;5;25.0;150.0;18;MBO-BOL;MBO;MBO;goed;ja
341;vmbo;vrouw;4;6;;;17;MBO-BOL;LBO of vmbo;LBO of vmbo;redelijk;ja
342;vmbo;vrouw;4;4;;;17;MBO-BOL;HBO of WO;HBO of WO;redelijk;ja
343;vmbo;man;4;3;20.0;300.0;17;MBO-BOL;MBO;MBO;goed;ja
344;vmbo;vrouw;2;3;;;17;MBO-BOL;HBO of WO;HBO of WO;matig;ja
345;vmbo;man;5;4;;;19;geen opleiding, gaan werken;LBO of vmbo;MBO;;
346;vmbo;man;7;3;;180.0;18;MBO-BOL;MBO;havo of vwo;slecht;ja
347;vmbo;vrouw;3;4;7.0;170.0;18;MBO-BBL;LBO of vmbo;HBO of WO;redelijk;ja
348;vmbo;man;4;4;3.0;60.0;17;MBO-BOL;HBO of WO;HBO of WO;goed;ja
349;vmbo;vrouw;;;9.0;140.0;18;MBO-BOL;;;goed;ja
350;vmbo;vrouw;4;3;12.0;170.0;17;MBO-BOL;LBO of vmbo;HBO of WO;redelijk;ja
351;vmbo;vrouw;5;5;;;18;MBO-BOL;HBO of WO;HBO of WO;redelijk;ja
352;vmbo;vrouw;5;4;;;17;MBO-BOL;HBO of WO;MBO;matig;ja
353;vmbo;man;4;4;6.0;120.0;18;MBO-BOL;MBO;HBO of WO;goed;ja
354;vmbo;man;5;4;;;17;MBO-BOL;LBO of vmbo;LBO of vmbo;matig;ja
355;vmbo;man;6;6;;;15;MBO-BOL;MBO;LBO of vmbo;goed;ja
356;vmbo;vrouw;;;;;17;MBO-BOL;;;;
357;vmbo;vrouw;4;4;8.0;150.0;17;MBO-BOL;HBO of WO;LBO of vmbo;goed;ja
358;vmbo;vrouw;3;3;7.0;125.0;17;MBO-BOL;LBO of vmbo;havo of vwo;redelijk;ja
359;vmbo;vrouw;6;2;;;18;MBO-BOL;MBO;HBO of WO;matig;ja
360;vmbo;man;3;5;5.0;200.0;19;MBO-BOL;HBO of WO;;redelijk;ja
361;vmbo;vrouw;6;5;20.0;250.0;17;MBO-BOL;MBO;basisonderwijs;matig;ja
362;vmbo;man;6;4;8.0;4.0;18;MBO-BOL;basisonderwijs;MBO;redelijk;ja
363;vmbo;vrouw;4;4;36.0;200.0;17;MBO-BBL;MBO;MBO;redelijk;ja
364;vmbo;vrouw;6;5;;4.0;17;MBO-BOL;havo of vwo;LBO of vmbo;matig;ja
365;vmbo;man;5;5;16.0;250.0;17;MBO-BOL;MBO;LBO of vmbo;goed;ja
366;vmbo;vrouw;6;5;;;17;MBO-BOL;MBO;MBO;redelijk;ja
367;vmbo;vrouw;6;5;;;18;MBO-BBL;MBO;LBO of vmbo;matig;ja
368;vmbo;man;2;2;;;18;;HBO of WO;HBO of WO;;
369;vmbo;vrouw;3;4;20.0;500.0;18;MBO-BOL;HBO of WO;MBO;matig;nee, gestopt
370;vmbo;vrouw;4;4;32.0;1000.0;17;MBO-BBL;LBO of vmbo;havo of vwo;matig;ja
371;vmbo;vrouw;5;5;3.0;;19;MBO-BOL;MBO;havo of vwo;redelijk;ja
372;vmbo;man;5;4;;;18;MBO-BOL;LBO of vmbo;HBO of WO;goed;ja
373;vmbo;man;5;4;;;18;MBO-BOL;LBO of vmbo;havo of vwo;matig;ja
374;vmbo;man;4;4;84.0;500.0;18;MBO-BOL;MBO;HBO of WO;goed;ja
375;vmbo;vrouw;3;4;6.0;120.0;17;MBO-BOL;LBO of vmbo;havo of vwo;matig;ja
376;vmbo;vrouw;6;3;;;18;MBO-BOL;MBO;HBO of WO;redelijk;ja
377;vmbo;vrouw;3;4;12.0;300.0;17;MBO-BOL;LBO of vmbo;LBO of vmbo;matig;ja
378;vmbo;vrouw;5;5;;;17;MBO-BOL;MBO;HBO of WO;goed;ja
379;vmbo;vrouw;4;4;10.0;100.0;17;MBO-BOL;LBO of vmbo;basisonderwijs;redelijk;ja
380;vmbo;man;4;2;12.0;200.0;17;MBO-BOL;HBO of WO;MBO;goed;ja
381;vmbo;man;;;;;19;MBO-BBL;;;goed;
382;vmbo;vrouw;4;3;8.0;5.0;19;MBO-BBL;MBO;MBO;goed;ja
383;vmbo;vrouw;5;4;8.0;120.0;18;MBO-BOL;MBO;MBO;redelijk;ja
384;vmbo;vrouw;4;4;;;17;MBO-BOL;MBO;LBO of vmbo;matig;nee, gestopt
385;vmbo;vrouw;5;2;32.0;760.0;17;MBO-BBL;LBO of vmbo;MBO;slecht;nee, gestopt
386;vmbo;vrouw;6;6;;;17;MBO-BOL;MBO;LBO of vmbo;goed;ja
387;vmbo;man;5;3;32.0;600.0;15;;HBO of WO;LBO of vmbo;;
388;vmbo;vrouw;6;5;8.0;5.0;18;MBO-BOL;LBO of vmbo;LBO of vmbo;redelijk;ja
389;vmbo;vrouw;4;2;35.0;765.0;17;geen opleiding, gaan werken;havo of vwo;LBO of vmbo;;
390;vmbo;vrouw;5;6;;;18;MBO-BBL;HBO of WO;LBO of vmbo;redelijk;ja
391;vmbo;vrouw;4;3;21.0;300.0;18;MBO-BOL;LBO of vmbo;LBO of vmbo;matig;ja
392;vmbo;man;6;3;;;17;MBO-BBL;MBO;;goed;ja
393;vmbo;vrouw;2;2;;;18;MBO-BOL;LBO of vmbo;LBO of vmbo;matig;nee, gestopt
394;vmbo;vrouw;5;4;;;17;MBO-BOL;MBO;MBO;matig;ja
395;vmbo;vrouw;3;4;;;17;MBO-BOL;LBO of vmbo;basisonderwijs;matig;ja
396;vmbo;vrouw;3;2;10.0;70.0;17;MBO-BOL;LBO of vmbo;LBO of vmbo;redelijk;ja
397;vmbo;man;1;4;;;19;MBO-BOL;MBO;MBO;slecht;ja
398;vmbo;vrouw;4;4;;;17;MBO-BOL;LBO of vmbo;MBO;matig;ja
399;vmbo;vrouw;4;2;;;18;MBO-BBL;MBO;MBO;matig;ja
400;vmbo;vrouw;4;4;;;17;MBO-BBL;HBO of WO;MBO;goed;ja
401;vmbo;man;4;4;24.0;510.0;18;MBO-BBL;MBO;MBO;goed;
402;vmbo;man;5;4;5.0;;17;MBO-BOL;LBO of vmbo;MBO;redelijk;ja
403;vmbo;man;5;3;32.0;700.0;17;MBO-BBL;havo of vwo;HBO of WO;goed;ja
404;vmbo;vrouw;4;4;24.0;1000.0;17;MBO-BBL;MBO;HBO of WO;matig;ja
405;vmbo;vrouw;6;5;;;18;MBO-BOL;MBO;MBO;redelijk;ja
406;vmbo;vrouw;5;4;;;17;MBO-BOL;LBO of vmbo;basisonderwijs;matig;nee, gestopt
407;vmbo;vrouw;6;6;;;18;MBO-BOL;LBO of vmbo;LBO of vmbo;goed;ja
408;vmbo;vrouw;6;2;18.0;550.0;17;MBO-BBL;basisonderwijs;basisonderwijs;redelijk;nee, gestopt
409;vmbo;vrouw;4;4;30.0;;17;MBO-BOL;MBO;MBO;slecht;nee, gestopt
410;vmbo;man;4;3;;;17;MBO-BOL;MBO;LBO of vmbo;redelijk;ja
411;vmbo;vrouw;5;5;;;17;MBO-BOL;LBO of vmbo;LBO of vmbo;goed;ja
412;vmbo;vrouw;2;4;;;17;MBO-BOL;LBO of vmbo;MBO;matig;ja
413;vmbo;vrouw;;;;;17;MBO-BOL;;;;
414;vmbo;vrouw;3;4;24.0;;17;MBO-BOL;HBO of WO;basisonderwijs;redelijk;ja
415;vmbo;vrouw;6;2;3.0;290.0;17;MBO-BOL;HBO of WO;basisonderwijs;redelijk;ja
416;vmbo;man;2;4;24.0;360.0;17;MBO-BOL;LBO of vmbo;LBO of vmbo;goed;ja
417;vmbo;vrouw;4;3;;;17;MBO-BOL;HBO of WO;HBO of WO;goed;ja
418;vmbo;man;3;4;40.0;870.0;17;MBO-BBL;HBO of WO;MBO;goed;nee, gestopt
419;vmbo;vrouw;3;4;;;18;MBO-BOL;LBO of vmbo;MBO;matig;ja
420;vmbo;vrouw;4;4;8.0;120.0;18;MBO-BOL;LBO of vmbo;havo of vwo;goed;ja
421;vmbo;vrouw;5;5;;;17;MBO-BOL;LBO of vmbo;LBO of vmbo;goed;ja
422;vmbo;vrouw;5;3;;;18;MBO-BOL;MBO;LBO of vmbo;goed;ja
423;vmbo;man;4;4;;;17;MBO-BOL;MBO;MBO;matig;ja
424;vmbo;man;;;;;18;MBO-BOL;;;redelijk;ja
425;vmbo;man;6;5;3.0;40.0;17;MBO-BOL;HBO of WO;basisonderwijs;matig;ja
426;vmbo;vrouw;4;3;12.0;300.0;18;MBO-BOL;MBO;HBO of WO;redelijk;ja
427;vmbo;man;5;5;6.0;;17;MBO-BOL;HBO of WO;LBO of vmbo;redelijk;ja
428;vmbo;man;5;4;20.0;400.0;18;MBO-BOL;MBO;HBO of WO;goed;ja
429;vmbo;vrouw;3;5;12.0;;18;MBO-BOL;MBO;MBO;redelijk;ja
430;vmbo;man;4;5;;;17;MBO-BOL;HBO of WO;havo of vwo;matig;ja
431;vmbo;vrouw;4;2;12.0;100.0;18;MBO-BOL;LBO of vmbo;LBO of vmbo;redelijk;ja
432;vmbo;vrouw;4;4;12.0;200.0;18;MBO-BOL;LBO of vmbo;;matig;ja
433;vmbo;vrouw;;;;;18;MBO-BOL;;;matig;
434;vmbo;vrouw;5;5;8.0;140.0;18;MBO-BOL;LBO of vmbo;LBO of vmbo;goed;ja
435;vmbo;vrouw;2;2;;;17;MBO-BOL;LBO of vmbo;LBO of vmbo;matig;ja
436;vmbo;man;5;1;;;17;MBO-BOL;MBO;MBO;redelijk;ja
437;vmbo;vrouw;4;5;5.0;85.0;18;MBO-BOL;HBO of WO;HBO of WO;redelijk;ja
438;vmbo;vrouw;3;4;32.0;450.0;18;geen opleiding, gaan werken;LBO of vmbo;LBO of vmbo;;
439;vmbo;man;4;4;;;17;MBO-BOL;MBO;MBO;redelijk;ja
440;vmbo;man;1;7;10.0;300.0;17;MBO-BOL;havo of vwo;havo of vwo;redelijk;ja
441;vmbo;vrouw;5;4;8.0;100.0;17;MBO-BOL;;;goed;ja
442;vmbo;man;3;4;;;18;MBO-BOL;MBO;MBO;redelijk;ja
443;vmbo;vrouw;5;3;10.0;241.0;18;MBO-BOL;MBO;MBO;redelijk;ja
444;vmbo;vrouw;5;4;;;17;MBO-BOL;MBO;MBO;;ja
445;vmbo;vrouw;5;5;;;18;MBO-BOL;LBO of vmbo;LBO of vmbo;redelijk;ja
446;vmbo;vrouw;4;3;;;17;MBO-BOL;MBO;HBO of WO;redelijk;ja
447;vmbo;vrouw;2;3;4.0;20.0;18;MBO-BOL;MBO;MBO;matig;ja
448;vmbo;vrouw;7;6;12.0;320.0;18;MBO-BOL;HBO of WO;basisonderwijs;redelijk;ja
449;vmbo;vrouw;6;4;5.0;50.0;18;MBO-BOL;havo of vwo;LBO of vmbo;matig;ja
450;vmbo;man;6;3;4.0;65.0;17;MBO-BOL;LBO of vmbo;LBO of vmbo;matig;ja
451;vmbo;vrouw;4;4;;;18;MBO-BOL;HBO of WO;HBO of WO;redelijk;ja
452;vmbo;vrouw;5;5;16.0;134.0;17;MBO-BOL;MBO;MBO;goed;ja
453;vmbo;vrouw;4;5;;;18;MBO-BOL;LBO of vmbo;LBO of vmbo;redelijk;nee, gestopt
454;vmbo;vrouw;5;5;17.0;300.0;17;MBO-BOL;LBO of vmbo;LBO of vmbo;redelijk;ja
455;vmbo;man;6;5;30.0;550.0;18;MBO-BOL;MBO;MBO;redelijk;nee, gestopt
456;vmbo;man;3;3;16.0;;17;MBO-BOL;MBO;LBO of vmbo;redelijk;ja
457;vmbo;vrouw;5;4;;;18;MBO-BOL;MBO;MBO;goed;ja
458;vmbo;vrouw;4;4;;;17;MBO-BOL;HBO of WO;havo of vwo;redelijk;ja
459;vmbo;man;4;5;;;17;MBO-BOL;havo of vwo;MBO;goed;ja
460;vmbo;man;2;2;40.0;1200.0;18;MBO-BBL;MBO;havo of vwo;redelijk;ja
461;vmbo;vrouw;5;4;4.0;5.0;17;MBO-BOL;MBO;LBO of vmbo;goed;ja
462;vmbo;vrouw;4;4;10.0;200.0;18;MBO-BOL;LBO of vmbo;basisonderwijs;goed;ja
463;vmbo;man;6;4;;;17;MBO-BOL;MBO;LBO of vmbo;redelijk;ja
464;vmbo;vrouw;5;5;;;19;;MBO;basisonderwijs;;
465;vmbo;vrouw;4;4;;;17;MBO-BOL;MBO;LBO of vmbo;slecht;ja
466;vmbo;man;5;2;8.0;150.0;18;MBO-BOL;MBO;basisonderwijs;redelijk;ja
467;vmbo;vrouw;;;;;16;MBO-BOL;;;;
468;vmbo;man;4;2;;;18;MBO-BOL;basisonderwijs;basisonderwijs;matig;ja
469;vmbo;man;4;4;40.0;750.0;17;MBO-BOL;havo of vwo;LBO of vmbo;redelijk;ja
470;vmbo;man;7;5;46.0;;19;MBO-BOL;LBO of vmbo;MBO;matig;ja
471;vmbo;vrouw;4;4;19.0;250.0;19;MBO-BBL;;;goed;nee, diploma behaald
472;vmbo;man;6;4;41.0;860.0;18;MBO-BBL;MBO;MBO;matig;ja
473;vmbo;man;4;3;4.0;58.0;18;MBO-BBL;MBO;HBO of WO;redelijk;nee, gestopt
474;vmbo;man;;;;;17;MBO-BBL;basisonderwijs;basisonderwijs;goed;
475;vmbo;vrouw;4;4;3.0;50.0;18;MBO-BOL;LBO of vmbo;havo of vwo;goed;ja
476;vmbo;vrouw;4;4;12.0;260.0;18;MBO-BOL;MBO;basisonderwijs;slecht;ja
477;vmbo;vrouw;6;5;2.0;40.0;18;MBO-BOL;havo of vwo;LBO of vmbo;redelijk;ja
478;vmbo;vrouw;5;2;;;17;MBO-BOL;havo of vwo;HBO of WO;goed;ja
479;vmbo;man;5;2;4.0;200.0;17;MBO-BOL;HBO of WO;HBO of WO;goed;ja
480;vmbo;vrouw;4;5;27.0;150.0;17;MBO-BOL;MBO;MBO;redelijk;ja
481;vmbo;man;3;4;;;18;MBO-BOL;HBO of WO;MBO;redelijk;ja
482;vmbo;vrouw;1;4;;;18;MBO-BOL;HBO of WO;HBO of WO;redelijk;ja
483;vmbo;vrouw;3;2;5.0;200.0;18;MBO-BOL;HBO of WO;havo of vwo;redelijk;ja
484;vmbo;vrouw;5;5;15.0;150.0;18;MBO-BOL;HBO of WO;HBO of WO;redelijk;ja
485;vmbo;vrouw;6;5;7.0;135.0;18;MBO-BOL;MBO;LBO of vmbo;redelijk;ja
486;vmbo;vrouw;;;;;15;;;;;
487;vmbo;vrouw;5;4;17.0;300.0;17;MBO-BOL;MBO;MBO;goed;ja
488;vmbo;vrouw;4;4;;;18;MBO-BOL;basisonderwijs;LBO of vmbo;goed;ja
489;vmbo;vrouw;6;5;28.0;240.0;17;MBO-BOL;LBO of vmbo;basisonderwijs;matig;ja
490;vmbo;vrouw;5;3;8.0;60.0;18;MBO-BOL;MBO;MBO;redelijk;ja
491;vmbo;vrouw;6;5;;;17;MBO-BOL;MBO;MBO;goed;ja
492;vmbo;vrouw;6;4;6.0;80.0;17;MBO-BOL;LBO of vmbo;LBO of vmbo;redelijk;ja
493;vmbo;vrouw;5;4;6.0;150.0;17;MBO-BOL;basisonderwijs;;goed;ja
494;vmbo;man;4;2;32.0;600.0;17;MBO-BBL;MBO;MBO;matig;ja
495;vmbo;vrouw;4;4;10.0;200.0;18;MBO-BOL;LBO of vmbo;LBO of vmbo;slecht;ja
496;vmbo;vrouw;1;1;10.0;210.0;17;MBO-BOL;LBO of vmbo;MBO;slecht;ja
497;vmbo;man;5;3;10.0;120.0;18;MBO-BOL;HBO of WO;MBO;redelijk;ja
498;vmbo;vrouw;2;2;4.0;60.0;17;MBO-BOL;HBO of WO;LBO of vmbo;redelijk;ja
499;vmbo;man;4;5;;;17;MBO-BOL;havo of vwo;MBO;matig;nee, gestopt
500;vmbo;vrouw;1;1;;;18;MBO-BOL;HBO of WO;MBO;slecht;ja
501;vmbo;man;4;2;;;17;MBO-BOL;MBO;MBO;goed;nee, gestopt
502;vmbo;vrouw;5;6;27.0;432.0;18;MBO-BBL;MBO;MBO;goed;ja
503;vmbo;vrouw;5;5;;;18;MBO-BOL;HBO of WO;LBO of vmbo;redelijk;ja
504;vmbo;vrouw;5;4;;;17;MBO-BOL;MBO;LBO of vmbo;slecht;ja
505;vmbo;vrouw;4;1;10.0;800.0;17;MBO-BOL;MBO;MBO;goed;ja
506;vmbo;vrouw;6;5;6.0;25.0;17;MBO-BBL;havo of vwo;MBO;goed;ja
507;vmbo;vrouw;4;4;;;18;;basisonderwijs;basisonderwijs;;
508;vmbo;man;5;3;;;18;MBO-BOL;LBO of vmbo;havo of vwo;goed;ja
509;vmbo;vrouw;6;5;;;17;MBO-BOL;MBO;MBO;redelijk;ja
510;vmbo;man;5;4;;;17;MBO-BOL;HBO of WO;LBO of vmbo;matig;ja
511;vmbo;man;6;5;10.0;300.0;17;MBO-BOL;LBO of vmbo;LBO of vmbo;matig;ja
512;vmbo;man;2;3;;;17;MBO-BOL;HBO of WO;HBO of WO;redelijk;ja
513;vmbo;vrouw;4;2;12.0;340.0;18;MBO-BOL;HBO of WO;HBO of WO;redelijk;ja
514;vmbo;vrouw;6;5;4.0;;17;MBO-BBL;HBO of WO;LBO of vmbo;matig;ja
515;vmbo;vrouw;5;3;;;18;MBO-BOL;MBO;MBO;redelijk;ja
516;vmbo;man;3;5;4.0;68.0;18;MBO-BOL;basisonderwijs;basisonderwijs;matig;nee, gestopt
517;vmbo;vrouw;6;5;;10.0;18;MBO-BOL;LBO of vmbo;LBO of vmbo;goed;ja
518;vmbo;man;4;4;8.0;130.0;17;MBO-BOL;havo of vwo;LBO of vmbo;redelijk;ja
519;vmbo;vrouw;4;;;;17;MBO-BOL;MBO;;goed;ja
520;vmbo;vrouw;1;7;;;18;MBO-BOL;LBO of vmbo;MBO;goed;ja
521;vmbo;vrouw;3;4;9.0;250.0;18;MBO-BBL;LBO of vmbo;LBO of vmbo;redelijk;ja
522;vmbo;man;4;4;;;18;MBO-BBL;;;goed;ja
523;vmbo;man;5;4;;;17;MBO-BOL;havo of vwo;LBO of vmbo;goed;ja
524;vmbo;vrouw;3;3;;;17;MBO-BOL;basisonderwijs;havo of vwo;redelijk;ja
525;vmbo;vrouw;6;6;;;17;MBO-BBL;LBO of vmbo;LBO of vmbo;redelijk;ja
526;vmbo;man;7;5;9.0;127.0;19;MBO-BOL;basisonderwijs;LBO of vmbo;goed;ja
527;vmbo;vrouw;6;6;;;18;MBO-BOL;MBO;havo of vwo;goed;ja
528;vmbo;vrouw;1;2;8.0;125.0;17;MBO-BBL;HBO of WO;;goed;ja
529;vmbo;man;4;4;5.0;127.0;18;MBO-BOL;HBO of WO;HBO of WO;matig;ja
530;vmbo;man;4;4;18.0;70.0;18;MBO-BOL;LBO of vmbo;;redelijk;ja
531;vmbo;man;4;4;20.0;600.0;17;MBO-BBL;MBO;HBO of WO;matig;ja
532;vmbo;man;4;4;32.0;1300.0;18;MBO-BBL;MBO;MBO;goed;ja
533;vmbo;vrouw;6;5;8.0;7.0;18;MBO-BOL;LBO of vmbo;basisonderwijs;redelijk;ja
534;vmbo;man;4;5;;;18;MBO-BOL;MBO;MBO;matig;nee, gestopt
535;vmbo;vrouw;2;4;;;17;MBO-BOL;MBO;LBO of vmbo;matig;ja
536;vmbo;vrouw;5;4;;;17;MBO-BOL;basisonderwijs;HBO of WO;goed;ja
537;vmbo;vrouw;5;4;6.0;30.0;17;MBO-BOL;MBO;HBO of WO;goed;ja
538;vmbo;vrouw;4;4;24.0;330.0;18;MBO-BBL;MBO;MBO;goed;ja
539;vmbo;man;5;3;;;19;MBO-BOL;basisonderwijs;LBO of vmbo;goed;ja
540;vmbo;man;4;4;35.0;1000.0;18;geen opleiding, gaan werken;MBO;LBO of vmbo;;
541;vmbo;man;4;3;32.0;575.0;18;MBO-BBL;MBO;havo of vwo;redelijk;ja
542;vmbo;vrouw;5;3;;;18;MBO-BOL;LBO of vmbo;LBO of vmbo;goed;ja
543;vmbo;man;4;4;20.0;400.0;17;MBO-BOL;basisonderwijs;LBO of vmbo;matig;ja
544;vmbo;vrouw;2;3;16.0;200.0;18;MBO-BOL;MBO;MBO;redelijk;ja
545;vmbo;vrouw;1;1;;;17;MBO-BOL;MBO;HBO of WO;slecht;ja
546;vmbo;vrouw;3;3;;;19;;LBO of vmbo;LBO of vmbo;;
547;vmbo;man;1;2;;;17;MBO-BOL;LBO of vmbo;LBO of vmbo;matig;nee, diploma behaald
548;vmbo;man;6;7;28.0;200.0;18;MBO-BOL;LBO of vmbo;havo of vwo;redelijk;ja
549;vmbo;vrouw;5;4;8.0;;17;MBO-BOL;MBO;MBO;goed;ja
550;vmbo;man;;;15.0;350.0;18;MBO-BOL;;;redelijk;ja
551;vmbo;man;5;2;30.0;350.0;17;MBO-BOL;basisonderwijs;basisonderwijs;goed;ja
552;vmbo;man;5;5;;;18;MBO-BOL;LBO of vmbo;LBO of vmbo;goed;ja
553;vmbo;vrouw;5;5;8.0;70.0;18;MBO-BOL;HBO of WO;LBO of vmbo;goed;ja
554;vmbo;vrouw;6;4;12.0;;18;MBO-BOL;basisonderwijs;basisonderwijs;goed;ja
555;vmbo;man;4;4;32.0;530.0;17;MBO-BBL;LBO of vmbo;basisonderwijs;redelijk;ja
556;vmbo;vrouw;5;4;;;18;MBO-BOL;;;redelijk;ja
557;vmbo;man;2;2;32.0;500.0;17;geen opleiding, gaan werken;MBO;MBO;;
558;vmbo;vrouw;6;4;30.0;200.0;18;MBO-BOL;basisonderwijs;LBO of vmbo;redelijk;ja
559;vmbo;man;4;4;10.0;200.0;17;MBO-BOL;HBO of WO;MBO;goed;ja
560;vmbo;vrouw;5;4;32.0;540.0;18;MBO-BBL;MBO;MBO;redelijk;ja
561;vmbo;vrouw;2;5;;;17;MBO-BOL;havo of vwo;havo of vwo;redelijk;
562;vmbo;vrouw;4;1;;;18;MBO-BBL;basisonderwijs;basisonderwijs;redelijk;ja
563;vmbo;man;4;4;;;17;MBO-BOL;LBO of vmbo;LBO of vmbo;matig;ja
564;vmbo;man;3;3;32.0;430.0;18;MBO-BOL;MBO;LBO of vmbo;slecht;nee, gestopt
565;vmbo;vrouw;5;4;20.0;361.0;18;MBO-BBL;MBO;MBO;goed;nee, diploma behaald
566;vmbo;vrouw;6;5;14.0;190.0;18;MBO-BOL;LBO of vmbo;LBO of vmbo;matig;ja
567;vmbo;vrouw;6;6;;;18;MBO-BOL;LBO of vmbo;LBO of vmbo;goed;ja
568;vmbo;man;4;4;32.0;;17;MBO-BBL;MBO;MBO;redelijk;ja
569;vmbo;vrouw;4;4;16.0;80.0;17;MBO-BBL;LBO of vmbo;havo of vwo;goed;ja
570;vmbo;vrouw;4;4;;;17;MBO-BOL;basisonderwijs;basisonderwijs;goed;ja
571;vmbo;vrouw;5;4;12.0;150.0;17;MBO-BOL;MBO;MBO;goed;ja
572;vmbo;vrouw;6;4;9.0;200.0;17;MBO-BOL;havo of vwo;havo of vwo;goed;nee, diploma behaald
573;vmbo;vrouw;7;4;;;18;MBO-BOL;;;matig;ja
574;vmbo;vrouw;6;5;;;18;MBO-BOL;MBO;HBO of WO;goed;ja
575;vmbo;man;;5;12.0;200.0;19;MBO-BOL;MBO;MBO;redelijk;ja
576;vmbo;vrouw;5;3;7.0;125.0;17;MBO-BOL;LBO of vmbo;MBO;goed;ja
577;vmbo;man;4;5;;;18;MBO-BOL;LBO of vmbo;MBO;goed;ja
578;vmbo;vrouw;3;3;;;18;MBO-BOL;MBO;MBO;matig;ja
579;vmbo;man;6;3;;;18;MBO-BOL;;;redelijk;ja
580;vmbo;vrouw;2;6;10.0;;17;MBO-BOL;havo of vwo;LBO of vmbo;slecht;ja
581;vmbo;man;3;3;;;18;MBO-BOL;;;goed;ja
582;vmbo;vrouw;5;4;;;17;MBO-BOL;basisonderwijs;havo of vwo;goed;ja
583;vmbo;vrouw;4;4;;;18;MBO-BOL;MBO;LBO of vmbo;redelijk;ja
584;vmbo;vrouw;6;4;;;18;MBO-BBL;MBO;MBO;redelijk;ja
585;vmbo;vrouw;3;3;7.0;110.0;17;MBO-BOL;MBO;LBO of vmbo;redelijk;ja
586;vmbo;vrouw;5;3;;;18;MBO-BOL;LBO of vmbo;LBO of vmbo;goed;nee, diploma behaald
587;vmbo;vrouw;3;3;16.0;250.0;18;MBO-BOL;basisonderwijs;HBO of WO;goed;ja
588;vmbo;vrouw;4;3;25.0;200.0;18;MBO-BOL;HBO of WO;LBO of vmbo;matig;ja
589;vmbo;man;3;4;40.0;700.0;17;MBO-BOL;MBO;HBO of WO;slecht;ja
590;vmbo;vrouw;1;3;7.0;117.0;18;MBO-BOL;havo of vwo;LBO of vmbo;redelijk;ja
591;vmbo;man;7;4;;;17;MBO-BOL;MBO;LBO of vmbo;goed;ja
592;vmbo;vrouw;5;5;;;17;MBO-BBL;MBO;MBO;redelijk;ja
593;vmbo;man;4;2;;;17;MBO-BOL;MBO;MBO;goed;ja
594;vmbo;vrouw;1;1;;;18;MBO-BOL;MBO;;matig;ja
595;vmbo;vrouw;5;4;;;18;MBO-BOL;;;matig;ja
596;vmbo;man;1;3;32.0;800.0;17;overig;MBO;MBO;;
597;vmbo;man;5;5;12.0;297.0;18;MBO-BOL;HBO of WO;HBO of WO;goed;ja
598;vmbo;man;5;3;;;17;;;HBO of WO;;
599;vmbo;vrouw;;;;;16;;;;;
600;vmbo;vrouw;2;4;;;17;MBO-BOL;MBO;MBO;slecht;ja
601;vmbo;vrouw;4;4;4.0;80.0;18;MBO-BOL;MBO;MBO;goed;ja
602;vmbo;vrouw;5;4;10.0;180.0;17;MBO-BOL;basisonderwijs;basisonderwijs;redelijk;nee, diploma behaald
603;vmbo;vrouw;4;5;;;17;MBO-BOL;LBO of vmbo;LBO of vmbo;redelijk;ja
604;vmbo;man;5;4;16.0;;17;MBO-BOL;HBO of WO;HBO of WO;redelijk;ja
605;vmbo;vrouw;5;3;;;18;MBO-BOL;LBO of vmbo;MBO;goed;ja
606;vmbo;man;4;2;4.0;75.0;17;;havo of vwo;MBO;;
607;vmbo;man;5;5;6.0;100.0;18;MBO-BOL;LBO of vmbo;LBO of vmbo;goed;ja
608;vmbo;vrouw;3;3;16.0;300.0;17;MBO-BOL;basisonderwijs;MBO;slecht;ja
609;vmbo;man;4;4;16.0;200.0;17;MBO-BOL;MBO;MBO;goed;ja
610;vmbo;man;4;4;;;17;MBO-BOL;LBO of vmbo;MBO;goed;ja
611;vmbo;man;4;4;;;18;MBO-BOL;MBO;HBO of WO;redelijk;ja
612;vmbo;man;4;2;8.0;136.0;17;MBO-BOL;MBO;MBO;goed;ja
613;vmbo;vrouw;6;6;24.0;137.0;18;MBO-BOL;basisonderwijs;basisonderwijs;redelijk;ja
614;vmbo;vrouw;;;;;18;MBO-BOL;MBO;MBO;goed;ja
615;vmbo;vrouw;3;5;;;17;MBO-BOL;havo of vwo;havo of vwo;matig;ja
616;vmbo;vrouw;3;2;24.0;799.0;17;MBO-BOL;MBO;MBO;goed;ja
617;vmbo;vrouw;6;5;;;17;MBO-BOL;havo of vwo;havo of vwo;goed;ja
618;vmbo;vrouw;4;5;8.0;100.0;18;MBO-BOL;;;matig;ja
619;vmbo;vrouw;5;5;;;18;MBO-BOL;LBO of vmbo;basisonderwijs;redelijk;ja
620;vmbo;vrouw;5;5;;;18;MBO-BOL;LBO of vmbo;LBO of vmbo;redelijk;ja
621;vmbo;man;2;1;40.0;600.0;18;geen opleiding, gaan werken;LBO of vmbo;LBO of vmbo;;
622;vmbo;vrouw;3;3;4.0;;17;MBO-BOL;havo of vwo;MBO;redelijk;ja
623;vmbo;vrouw;6;5;;;18;MBO-BOL;;;goed;ja
624;vmbo;man;5;4;30.0;400.0;18;MBO-BOL;HBO of WO;HBO of WO;goed;ja
625;vmbo;vrouw;4;4;;;18;MBO-BOL;MBO;MBO;goed;ja
626;vmbo;vrouw;4;4;22.0;;18;MBO-BBL;;;matig;ja
627;vmbo;vrouw;2;5;35.0;800.0;18;MBO-BBL;MBO;HBO of WO;goed;ja
628;vmbo;vrouw;4;4;8.0;;18;MBO-BOL;LBO of vmbo;LBO of vmbo;slecht;ja
629;vmbo;vrouw;4;4;;;17;MBO-BOL;basisonderwijs;basisonderwijs;goed;ja
630;vmbo;vrouw;1;1;;;17;MBO-BOL;MBO;HBO of WO;redelijk;ja
631;vmbo;vrouw;4;4;8.0;183.0;18;MBO-BOL;MBO;MBO;slecht;ja
632;vmbo;vrouw;5;3;9.0;200.0;18;MBO-BOL;basisonderwijs;havo of vwo;redelijk;ja
633;vmbo;man;6;4;32.0;750.0;17;MBO-BBL;havo of vwo;MBO;redelijk;ja
634;vmbo;man;4;4;40.0;600.0;18;MBO-BBL;MBO;MBO;redelijk;ja
635;vmbo;vrouw;4;2;;;18;MBO-BOL;MBO;LBO of vmbo;goed;ja
636;vmbo;man;4;3;24.0;1100.0;18;MBO-BBL;LBO of vmbo;HBO of WO;goed;ja
637;vmbo;vrouw;2;4;;;17;MBO-BOL;;MBO;redelijk;nee, diploma behaald
638;vmbo;vrouw;;;;;17;MBO-BOL;;;redelijk;
639;vmbo;vrouw;3;4;;;18;MBO-BOL;LBO of vmbo;LBO of vmbo;matig;ja
640;vmbo;vrouw;6;5;9.0;270.0;18;MBO-BOL;HBO of WO;MBO;goed;nee, diploma behaald
641;vmbo;man;;;;;18;MBO-BBL;havo of vwo;havo of vwo;goed;
642;vmbo;vrouw;4;4;11.0;;18;MBO-BOL;LBO of vmbo;MBO;goed;ja
643;vmbo;man;2;4;;;17;MBO-BOL;HBO of WO;MBO;matig;nee, gestopt
644;vmbo;man;4;4;;;17;MBO-BOL;MBO;HBO of WO;goed;ja
645;vmbo;vrouw;4;4;22.0;549.0;17;MBO-BOL;havo of vwo;MBO;redelijk;ja
646;vmbo;vrouw;4;4;32.0;576.0;18;MBO-BBL;LBO of vmbo;LBO of vmbo;goed;ja
647;vmbo;vrouw;5;2;;;17;MBO-BOL;HBO of WO;MBO;matig;ja
648;vmbo;vrouw;4;4;9.0;;17;MBO-BOL;MBO;MBO;goed;ja
649;vmbo;vrouw;3;4;6.0;125.0;18;MBO-BOL;LBO of vmbo;MBO;slecht;ja
650;vmbo;vrouw;1;1;;;17;MBO-BOL;HBO of WO;HBO of WO;goed;ja
651;vmbo;vrouw;4;4;;;19;MBO-BBL;basisonderwijs;basisonderwijs;goed;ja
652;vmbo;man;;;;;17;MBO-BOL;;;redelijk;ja
653;vmbo;vrouw;3;5;12.0;220.0;18;MBO-BOL;MBO;MBO;goed;ja
654;vmbo;man;6;5;22.0;600.0;17;MBO-BOL;MBO;MBO;goed;ja
655;vmbo;vrouw;1;3;;;17;MBO-BOL;basisonderwijs;HBO of WO;matig;ja
656;vmbo;vrouw;1;2;;;17;MBO-BOL;LBO of vmbo;LBO of vmbo;redelijk;ja
657;vmbo;man;5;4;30.0;;19;MBO-BBL;LBO of vmbo;LBO of vmbo;redelijk;nee, diploma behaald
658;vmbo;vrouw;3;3;;;19;MBO-BOL;HBO of WO;HBO of WO;slecht;ja
659;vmbo;vrouw;4;2;;;17;MBO-BBL;LBO of vmbo;LBO of vmbo;goed;ja
660;vmbo;man;4;5;;;17;MBO-BOL;MBO;MBO;redelijk;ja
661;vmbo;man;5;4;;;17;MBO-BOL;HBO of WO;HBO of WO;goed;ja
662;vmbo;vrouw;4;4;4.0;80.0;16;MBO-BOL;HBO of WO;HBO of WO;matig;ja
663;vmbo;vrouw;5;5;6.0;400.0;18;MBO-BOL;MBO;MBO;redelijk;ja
664;vmbo;vrouw;6;5;;;17;MBO-BOL;MBO;HBO of WO;goed;ja
665;vmbo;man;6;4;34.0;;17;MBO-BBL;MBO;HBO of WO;goed;ja
666;vmbo;man;5;4;9.0;140.0;17;MBO-BOL;MBO;HBO of WO;matig;ja
667;vmbo;vrouw;4;1;8.0;120.0;17;MBO-BOL;havo of vwo;havo of vwo;redelijk;ja
668;vmbo;vrouw;6;4;6.0;125.0;17;MBO-BOL;HBO of WO;HBO of WO;goed;ja
669;vmbo;vrouw;5;3;12.0;52.0;17;MBO-BOL;havo of vwo;MBO;redelijk;ja
670;vmbo;vrouw;6;5;;;17;MBO-BBL;MBO;LBO of vmbo;redelijk;ja
671;vmbo;man;6;5;;;18;MBO-BOL;MBO;MBO;redelijk;ja
672;vmbo;man;4;4;8.0;150.0;18;MBO-BOL;basisonderwijs;basisonderwijs;goed;ja
673;vmbo;man;4;1;6.0;;18;MBO-BOL;;;matig;ja
674;vmbo;man;7;4;10.0;5.0;18;MBO-BOL;LBO of vmbo;LBO of vmbo;redelijk;ja
675;vmbo;man;3;3;5.0;80.0;17;MBO-BOL;LBO of vmbo;LBO of vmbo;matig;ja
676;vmbo;vrouw;4;4;3.0;8.0;19;MBO-BOL;basisonderwijs;HBO of WO;goed;ja
677;vmbo;vrouw;3;3;12.0;200.0;17;MBO-BOL;MBO;MBO;redelijk;ja
678;vmbo;man;4;4;8.0;160.0;18;MBO-BOL;HBO of WO;MBO;goed;ja
679;vmbo;vrouw;6;5;9.0;150.0;18;MBO-BOL;MBO;MBO;redelijk;ja
680;vmbo;man;2;6;;;17;MBO-BOL;HBO of WO;LBO of vmbo;slecht;ja
681;vmbo;vrouw;5;5;;;17;MBO-BOL;MBO;MBO;redelijk;ja
682;vmbo;man;4;3;;;17;MBO-BOL;havo of vwo;LBO of vmbo;matig;ja
683;vmbo;man;4;4;16.0;;17;;;;;
684;vmbo;vrouw;5;5;;;17;MBO-BOL;MBO;MBO;redelijk;ja
685;vmbo;man;4;3;;;17;havo;MBO;havo of vwo;redelijk;ja
686;vmbo;vrouw;5;3;4.0;120.0;18;MBO-BOL;MBO;MBO;matig;ja
687;vmbo;vrouw;4;1;10.0;170.0;17;havo;LBO of vmbo;HBO of WO;matig;ja
688;vmbo;vrouw;5;4;;;18;MBO-BOL;MBO;HBO of WO;redelijk;ja
689;vmbo;vrouw;4;4;27.0;;17;MBO-BBL;LBO of vmbo;MBO;matig;ja
690;vmbo;vrouw;4;4;6.0;80.0;17;MBO-BOL;basisonderwijs;MBO;slecht;ja
691;vmbo;vrouw;5;4;7.0;100.0;17;MBO-BOL;HBO of WO;HBO of WO;matig;ja
692;vmbo;vrouw;4;3;;;17;MBO-BOL;HBO of WO;HBO of WO;redelijk;nee, gestopt
693;vmbo;vrouw;;;;;15;;;;;
694;vmbo;vrouw;5;5;;;17;MBO-BBL;MBO;MBO;goed;ja
695;vmbo;vrouw;4;4;;;18;MBO-BOL;HBO of WO;MBO;redelijk;ja
696;vmbo;man;6;5;15.0;280.0;17;MBO-BOL;LBO of vmbo;LBO of vmbo;goed;ja
697;vmbo;man;4;4;;;17;MBO-BOL;MBO;MBO;redelijk;ja
698;vmbo;vrouw;4;4;9.0;140.0;17;MBO-BOL;MBO;MBO;goed;nee, gestopt
699;vmbo;man;3;2;4.0;120.0;17;havo;havo of vwo;LBO of vmbo;goed;ja
700;vmbo;vrouw;4;3;;;17;MBO-BOL;HBO of WO;MBO;goed;ja
701;vmbo;man;4;3;32.0;600.0;17;MBO-BBL;MBO;HBO of WO;goed;ja
702;vmbo;man;5;5;;;17;MBO-BOL;HBO of WO;LBO of vmbo;redelijk;ja
703;vmbo;man;5;4;32.0;840.0;17;MBO-BBL;MBO;LBO of vmbo;redelijk;ja
704;vmbo;man;6;5;;;17;MBO-BOL;MBO;LBO of vmbo;goed;ja
705;vmbo;vrouw;4;4;5.0;120.0;18;MBO-BOL;MBO;MBO;matig;ja
706;vmbo;vrouw;4;4;12.0;100.0;17;MBO-BOL;MBO;MBO;redelijk;ja
707;vmbo;vrouw;5;4;;;17;MBO-BOL;MBO;MBO;goed;ja
708;vmbo;man;4;4;16.0;200.0;18;MBO-BOL;MBO;MBO;goed;ja
709;vmbo;man;5;4;12.0;250.0;19;MBO-BOL;MBO;LBO of vmbo;matig;ja
710;vmbo;vrouw;4;4;4.0;130.0;17;MBO-BOL;MBO;LBO of vmbo;goed;ja
711;vmbo;vrouw;5;5;10.0;500.0;18;MBO-BOL;MBO;MBO;redelijk;ja
712;vmbo;vrouw;3;1;3.0;90.0;18;havo;HBO of WO;LBO of vmbo;redelijk;ja
713;vmbo;man;5;4;;;17;havo;LBO of vmbo;basisonderwijs;redelijk;ja
714;vmbo;vrouw;5;2;6.0;112.0;17;havo;MBO;MBO;matig;ja
715;vmbo;vrouw;5;1;9.0;250.0;17;MBO-BOL;HBO of WO;HBO of WO;slecht;nee, gestopt
716;vmbo;man;5;4;;;17;MBO-BOL;havo of vwo;havo of vwo;redelijk;ja
717;vmbo;vrouw;5;3;8.0;55.0;17;MBO-BOL;MBO;basisonderwijs;matig;ja
718;vmbo;vrouw;3;2;9.0;200.0;17;havo;HBO of WO;HBO of WO;redelijk;ja
719;vmbo;vrouw;6;2;;;15;MBO-BOL;LBO of vmbo;;;
720;vmbo;man;5;;9.0;200.0;17;MBO-BOL;HBO of WO;HBO of WO;goed;ja
721;vmbo;vrouw;5;6;27.0;500.0;18;MBO-BBL;MBO;MBO;redelijk;ja
722;vmbo;man;5;2;;;17;MBO-BBL;LBO of vmbo;LBO of vmbo;redelijk;ja
723;vmbo;vrouw;4;4;;;17;MBO-BOL;havo of vwo;MBO;goed;ja
724;vmbo;vrouw;3;1;;;16;havo;LBO of vmbo;LBO of vmbo;matig;ja
725;vmbo;vrouw;2;6;;;18;MBO-BOL;LBO of vmbo;MBO;redelijk;ja
726;vmbo;vrouw;3;4;;;17;MBO-BOL;MBO;basisonderwijs;matig;nee, gestopt
727;vmbo;vrouw;3;3;8.0;120.0;17;MBO-BOL;HBO of WO;HBO of WO;goed;ja
728;vmbo;vrouw;4;4;12.0;;18;MBO-BOL;MBO;HBO of WO;goed;ja
729;vmbo;vrouw;2;5;4.0;50.0;17;MBO-BOL;LBO of vmbo;MBO;matig;ja
730;vmbo;vrouw;6;3;4.0;6.0;18;MBO-BOL;basisonderwijs;MBO;slecht;ja
731;vmbo;vrouw;5;4;5.0;85.0;17;MBO-BOL;HBO of WO;MBO;goed;ja
732;vmbo;man;4;4;32.0;330.0;17;MBO-BOL;havo of vwo;LBO of vmbo;goed;ja
733;vmbo;vrouw;5;4;;;17;MBO-BOL;MBO;MBO;redelijk;ja
734;vmbo;vrouw;;;6.0;;17;MBO-BOL;;;matig;nee, gestopt
735;vmbo;vrouw;3;3;11.0;200.0;17;MBO-BOL;LBO of vmbo;LBO of vmbo;goed;ja
736;vmbo;vrouw;4;4;;;17;MBO-BOL;basisonderwijs;MBO;redelijk;ja
737;vmbo;vrouw;5;3;7.0;160.0;18;MBO-BOL;MBO;MBO;redelijk;ja
738;vmbo;vrouw;6;4;3.0;100.0;18;MBO-BOL;MBO;MBO;goed;ja
739;vmbo;vrouw;5;2;8.0;160.0;17;MBO-BOL;MBO;MBO;matig;
740;vmbo;vrouw;4;2;2.0;40.0;17;MBO-BOL;LBO of vmbo;MBO;redelijk;ja
741;vmbo;vrouw;6;5;;;17;MBO-BOL;HBO of WO;HBO of WO;goed;ja
742;vmbo;vrouw;4;3;14.0;250.0;17;MBO-BOL;LBO of vmbo;havo of vwo;matig;ja
743;vmbo;man;6;4;;;17;MBO-BOL;LBO of vmbo;LBO of vmbo;matig;ja
744;vmbo;vrouw;2;4;6.0;150.0;17;MBO-BOL;MBO;MBO;matig;ja
745;vmbo;vrouw;6;5;21.0;;17;MBO-BOL;LBO of vmbo;LBO of vmbo;redelijk;ja
746;vmbo;vrouw;6;5;15.0;200.0;17;MBO-BOL;MBO;LBO of vmbo;redelijk;ja
747;vmbo;vrouw;5;4;;;17;MBO-BOL;LBO of vmbo;LBO of vmbo;goed;ja
748;vmbo;man;6;5;;;18;MBO-BOL;LBO of vmbo;;redelijk;ja
749;vmbo;vrouw;5;3;;;18;MBO-BOL;MBO;LBO of vmbo;goed;ja
750;vmbo;vrouw;3;4;6.0;;17;MBO-BOL;LBO of vmbo;LBO of vmbo;goed;ja
751;vmbo;vrouw;5;5;;;17;MBO-BOL;LBO of vmbo;LBO of vmbo;redelijk;ja
752;vmbo;man;4;4;5.0;200.0;17;MBO-BOL;MBO;MBO;matig;ja
753;vmbo;man;4;4;9.0;;17;MBO-BOL;LBO of vmbo;LBO of vmbo;redelijk;ja
754;vmbo;vrouw;5;3;;;18;MBO-BOL;HBO of WO;HBO of WO;redelijk;ja
755;vmbo;vrouw;5;4;;;17;MBO-BOL;LBO of vmbo;basisonderwijs;redelijk;nee, gestopt
756;havo of vwo;vrouw;4;3;6.0;150.0;19;;HBO of WO;HBO of WO;goed;ja
757;havo of vwo;vrouw;5;6;10.0;300.0;19;;MBO;HBO of WO;redelijk;ja
758;havo of vwo;vrouw;4;4;;;18;;HBO of WO;HBO of WO;goed;ja
759;havo of vwo;man;4;3;;;20;;HBO of WO;HBO of WO;goed;ja
760;havo of vwo;man;;;;;19;;;;goed;
761;havo of vwo;vrouw;5;5;;;20;;HBO of WO;HBO of WO;goed;ja
762;havo of vwo;man;5;5;30.0;650.0;18;;HBO of WO;HBO of WO;goed;nee, gestopt
763;havo of vwo;vrouw;;;;;19;;;;;
764;havo of vwo;vrouw;4;4;5.0;100.0;17;;HBO of WO;HBO of WO;redelijk;ja
765;havo of vwo;vrouw;5;3;5.0;100.0;19;;HBO of WO;HBO of WO;redelijk;ja
766;havo of vwo;vrouw;5;6;20.0;;18;;HBO of WO;MBO;goed;ja
767;havo of vwo;man;4;4;;;18;;HBO of WO;HBO of WO;goed;nee, gestopt
768;havo of vwo;man;4;4;;;19;;HBO of WO;HBO of WO;goed;ja
769;havo of vwo;man;5;5;4.0;120.0;19;;MBO;HBO of WO;redelijk;ja
770;havo of vwo;man;5;6;;;18;;HBO of WO;HBO of WO;goed;ja
771;havo of vwo;vrouw;6;4;;;19;;HBO of WO;HBO of WO;;
772;havo of vwo;man;4;4;;;20;;MBO;HBO of WO;goed;ja
773;havo of vwo;man;5;5;;;18;;HBO of WO;HBO of WO;matig;ja
774;havo of vwo;vrouw;3;4;;;19;;HBO of WO;HBO of WO;goed;ja
775;havo of vwo;man;3;4;;;19;;HBO of WO;HBO of WO;goed;ja
776;havo of vwo;vrouw;5;4;;;19;;HBO of WO;HBO of WO;goed;ja
777;havo of vwo;man;3;4;;;19;;HBO of WO;HBO of WO;matig;ja
778;havo of vwo;vrouw;3;4;4.0;125.0;19;;HBO of WO;HBO of WO;goed;ja
779;havo of vwo;vrouw;5;3;;;18;;HBO of WO;MBO;goed;ja
780;havo of vwo;vrouw;5;5;;;19;;HBO of WO;HBO of WO;matig;ja
781;havo of vwo;vrouw;5;5;;;18;;HBO of WO;havo of vwo;goed;ja
782;havo of vwo;man;1;4;;;19;;HBO of WO;HBO of WO;matig;nee, gestopt
783;havo of vwo;vrouw;;;;;19;;;;goed;
784;havo of vwo;vrouw;5;5;4.0;200.0;19;;HBO of WO;HBO of WO;redelijk;ja
785;havo of vwo;vrouw;4;4;5.0;80.0;19;;HBO of WO;HBO of WO;redelijk;ja
786;havo of vwo;vrouw;5;6;;;19;;HBO of WO;HBO of WO;redelijk;ja
787;havo of vwo;vrouw;4;5;;;19;;HBO of WO;HBO of WO;goed;ja
788;havo of vwo;vrouw;;;;;19;;;;;
789;havo of vwo;man;4;3;;;18;;MBO;HBO of WO;goed;nee, gestopt
790;havo of vwo;man;5;5;12.0;294.0;18;;HBO of WO;HBO of WO;redelijk;nee, gestopt
791;havo of vwo;man;4;4;;;18;;HBO of WO;HBO of WO;goed;ja
792;havo of vwo;man;4;3;4.0;90.0;18;;HBO of WO;HBO of WO;redelijk;ja
793;havo of vwo;man;4;4;;;19;;MBO;HBO of WO;slecht;nee, gestopt
794;havo of vwo;man;4;4;;;19;;HBO of WO;HBO of WO;goed;ja
795;havo of vwo;vrouw;;;;;19;;;;;
796;havo of vwo;man;5;6;;;19;;HBO of WO;HBO of WO;redelijk;ja
797;havo of vwo;man;4;4;;;19;;LBO of vmbo;HBO of WO;goed;ja
798;havo of vwo;vrouw;3;6;;;19;;HBO of WO;HBO of WO;goed;ja
799;havo of vwo;vrouw;6;5;8.0;300.0;18;;HBO of WO;HBO of WO;matig;nee, gestopt
800;havo of vwo;man;4;4;;;20;;HBO of WO;HBO of WO;redelijk;ja
801;havo of vwo;vrouw;4;4;;;19;;HBO of WO;HBO of WO;goed;ja
802;havo of vwo;vrouw;5;5;5.0;100.0;19;;MBO;HBO of WO;goed;ja
803;havo of vwo;man;4;3;;;19;;HBO of WO;HBO of WO;goed;ja
804;havo of vwo;man;4;4;;;18;;HBO of WO;HBO of WO;goed;ja
805;havo of vwo;vrouw;5;5;;;19;;HBO of WO;HBO of WO;goed;ja
806;havo of vwo;man;4;4;;;19;;HBO of WO;HBO of WO;goed;ja
807;havo of vwo;vrouw;5;5;3.0;100.0;19;;HBO of WO;HBO of WO;goed;nee, gestopt
808;havo of vwo;man;5;4;;;20;;HBO of WO;HBO of WO;goed;ja
809;havo of vwo;vrouw;4;4;;;18;;MBO;LBO of vmbo;goed;ja
810;havo of vwo;man;6;3;;;18;;HBO of WO;HBO of WO;goed;ja
811;havo of vwo;vrouw;5;5;;;18;;HBO of WO;havo of vwo;;
812;havo of vwo;man;5;5;9.0;180.0;19;;HBO of WO;HBO of WO;redelijk;ja
813;havo of vwo;man;5;4;;;19;;HBO of WO;HBO of WO;goed;ja
814;havo of vwo;vrouw;5;5;42.0;1200.0;17;;HBO of WO;HBO of WO;goed;ja
815;havo of vwo;vrouw;4;4;;;18;;HBO of WO;HBO of WO;;
816;havo of vwo;man;4;3;;;19;;HBO of WO;MBO;redelijk;ja
817;havo of vwo;vrouw;5;6;4.0;200.0;19;;havo of vwo;HBO of WO;redelijk;ja
818;havo of vwo;man;4;5;;;18;;MBO;LBO of vmbo;matig;ja
819;havo of vwo;vrouw;5;5;;;19;;HBO of WO;HBO of WO;;
820;havo of vwo;vrouw;;;9.0;250.0;19;;;;goed;ja
821;havo of vwo;man;4;5;;;20;;HBO of WO;HBO of WO;goed;ja
822;havo of vwo;man;4;5;;;20;;LBO of vmbo;havo of vwo;goed;ja
823;havo of vwo;vrouw;5;6;;;20;;MBO;MBO;slecht;nee, gestopt
824;havo of vwo;man;5;5;5.0;105.0;19;;HBO of WO;MBO;goed;ja
825;havo of vwo;man;4;2;;;19;;HBO of WO;HBO of WO;goed;ja
826;havo of vwo;man;5;5;;;19;;LBO of vmbo;HBO of WO;goed;ja
827;vmbo;man;6;5;;;18;MBO-BOL;MBO;HBO of WO;redelijk;ja
828;vmbo;man;2;3;4.0;37.0;17;MBO-BOL;HBO of WO;LBO of vmbo;matig;ja
829;vmbo;vrouw;4;4;12.0;227.0;17;MBO-BOL;LBO of vmbo;LBO of vmbo;goed;ja
830;vmbo;man;3;1;;;15;MBO-BOL;MBO;MBO;redelijk;ja
831;vmbo;man;4;4;;;17;MBO-BOL;MBO;MBO;redelijk;ja
832;vmbo;vrouw;5;4;2.0;4.0;17;MBO-BOL;MBO;MBO;goed;ja
833;vmbo;vrouw;6;5;10.0;80.0;17;MBO-BOL;MBO;MBO;goed;ja
834;vmbo;vrouw;5;5;10.0;175.0;17;MBO-BOL;;;redelijk;ja
835;vmbo;vrouw;4;4;;;17;MBO-BOL;LBO of vmbo;MBO;goed;ja
836;vmbo;vrouw;2;4;9.0;200.0;17;havo;MBO;MBO;matig;ja
837;vmbo;man;5;4;16.0;254.0;17;MBO-BBL;havo of vwo;MBO;redelijk;ja
838;vmbo;vrouw;4;4;;;17;MBO-BOL;MBO;MBO;redelijk;ja
839;vmbo;vrouw;4;4;8.0;164.0;17;MBO-BOL;MBO;HBO of WO;goed;ja
840;vmbo;man;3;3;32.0;890.0;17;MBO-BBL;LBO of vmbo;LBO of vmbo;slecht;ja
841;vmbo;vrouw;5;4;7.0;;17;MBO-BOL;MBO;MBO;redelijk;ja
842;vmbo;man;6;3;;;17;MBO-BBL;LBO of vmbo;basisonderwijs;redelijk;ja
843;vmbo;man;5;2;;;17;MBO-BOL;MBO;MBO;redelijk;ja
844;vmbo;man;1;3;12.0;200.0;18;MBO-BOL;havo of vwo;;redelijk;ja
845;vmbo;man;5;5;20.0;600.0;18;overig;HBO of WO;basisonderwijs;;
846;vmbo;man;3;3;7.0;120.0;17;MBO-BOL;MBO;basisonderwijs;redelijk;ja
847;vmbo;vrouw;3;3;;;17;MBO-BOL;LBO of vmbo;basisonderwijs;redelijk;ja
848;vmbo;vrouw;4;4;6.0;125.0;17;MBO-BOL;;;slecht;ja
849;vmbo;vrouw;;;8.0;250.0;18;;;;;
850;vmbo;vrouw;4;4;10.0;300.0;18;MBO-BOL;HBO of WO;HBO of WO;goed;ja
851;vmbo;vrouw;4;4;;;17;MBO-BOL;havo of vwo;LBO of vmbo;redelijk;ja
852;vmbo;vrouw;4;4;;;17;MBO-BOL;MBO;MBO;matig;ja
853;vmbo;man;4;4;;;17;MBO-BOL;MBO;MBO;goed;ja
854;vmbo;man;;4;;;17;MBO-BOL;MBO;LBO of vmbo;;ja
855;vmbo;man;6;7;32.0;500.0;17;MBO-BBL;MBO;MBO;matig;ja
856;vmbo;man;7;4;10.0;5.0;17;MBO-BOL;havo of vwo;havo of vwo;goed;ja
857;vmbo;man;4;4;10.0;200.0;17;MBO-BOL;LBO of vmbo;LBO of vmbo;redelijk;ja
858;vmbo;vrouw;3;3;10.0;120.0;17;MBO-BOL;MBO;MBO;redelijk;nee, gestopt
859;vmbo;man;4;4;;;17;MBO-BBL;basisonderwijs;basisonderwijs;redelijk;nee, gestopt
860;vmbo;man;3;4;;;18;MBO-BOL;MBO;MBO;matig;ja
861;vmbo;vrouw;7;4;;;17;MBO-BOL;MBO;MBO;redelijk;ja
862;vmbo;man;2;3;36.0;593.0;17;overig;MBO;MBO;;
863;vmbo;vrouw;1;4;12.0;;17;MBO-BOL;basisonderwijs;basisonderwijs;matig;ja
864;vmbo;man;4;4;8.0;100.0;17;MBO-BOL;MBO;MBO;goed;ja
865;vmbo;man;5;4;;;18;MBO-BOL;LBO of vmbo;LBO of vmbo;matig;ja
866;vmbo;man;5;5;;;18;MBO-BOL;HBO of WO;MBO;redelijk;ja
867;vmbo;man;4;4;23.0;230.0;17;MBO-BOL;HBO of WO;HBO of WO;matig;ja
868;vmbo;vrouw;4;3;;;18;MBO-BOL;LBO of vmbo;LBO of vmbo;slecht;nee, gestopt
869;vmbo;vrouw;5;4;;;18;MBO-BOL;LBO of vmbo;LBO of vmbo;redelijk;ja
870;vmbo;man;5;4;32.0;;18;MBO-BOL;HBO of WO;MBO;goed;nee, gestopt
871;vmbo;vrouw;5;5;;;17;MBO-BOL;MBO;MBO;redelijk;ja
872;vmbo;vrouw;4;4;;;17;MBO-BOL;MBO;HBO of WO;redelijk;ja
873;vmbo;vrouw;2;3;8.0;100.0;17;;MBO;MBO;;
874;vmbo;vrouw;6;5;2.0;50.0;17;MBO-BOL;HBO of WO;LBO of vmbo;redelijk;nee, gestopt
875;vmbo;vrouw;4;2;;;18;MBO-BOL;HBO of WO;HBO of WO;redelijk;ja
876;vmbo;vrouw;5;5;;;17;MBO-BOL;havo of vwo;MBO;redelijk;ja
877;vmbo;man;5;2;;;17;MBO-BOL;HBO of WO;basisonderwijs;slecht;ja
878;vmbo;vrouw;5;3;40.0;5.0;18;MBO-BOL;MBO;MBO;goed;nee, gestopt
879;vmbo;vrouw;5;5;20.0;300.0;17;MBO-BOL;MBO;HBO of WO;goed;ja
880;vmbo;vrouw;2;3;;;17;MBO-BOL;LBO of vmbo;;slecht;ja
881;vmbo;vrouw;5;5;14.0;1488.0;19;MBO-BOL;LBO of vmbo;MBO;redelijk;ja
882;vmbo;man;2;3;4.0;80.0;17;MBO-BOL;;;redelijk;ja
883;vmbo;vrouw;5;4;;;18;MBO-BOL;LBO of vmbo;havo of vwo;slecht;ja
884;vmbo;man;5;4;20.0;350.0;17;MBO-BOL;LBO of vmbo;LBO of vmbo;goed;nee, gestopt
885;vmbo;vrouw;4;5;10.0;150.0;18;MBO-BOL;HBO of WO;HBO of WO;matig;ja
886;vmbo;vrouw;5;4;;;18;MBO-BOL;MBO;MBO;redelijk;ja
887;vmbo;vrouw;5;4;16.0;250.0;17;MBO-BOL;MBO;HBO of WO;goed;ja
888;vmbo;man;4;7;;;17;MBO-BOL;MBO;MBO;slecht;ja
889;vmbo;vrouw;4;5;12.0;200.0;17;MBO-BOL;basisonderwijs;LBO of vmbo;redelijk;nee, gestopt
890;vmbo;vrouw;4;4;36.0;200.0;17;MBO-BOL;HBO of WO;havo of vwo;matig;ja
891;vmbo;vrouw;6;5;20.0;120.0;17;MBO-BOL;HBO of WO;HBO of WO;goed;ja
892;vmbo;vrouw;4;4;10.0;140.0;17;MBO-BOL;havo of vwo;MBO;goed;ja
893;vmbo;vrouw;6;3;8.0;686.0;18;MBO-BOL;LBO of vmbo;LBO of vmbo;redelijk;ja
894;vmbo;vrouw;6;3;;;17;MBO-BOL;HBO of WO;HBO of WO;redelijk;ja
895;vmbo;vrouw;4;4;12.0;150.0;17;MBO-BOL;MBO;HBO of WO;redelijk;ja
896;vmbo;vrouw;4;4;;;17;MBO-BBL;MBO;MBO;goed;ja
897;vmbo;vrouw;4;4;40.0;736.0;17;MBO-BBL;LBO of vmbo;MBO;redelijk;ja
898;vmbo;man;4;3;;;17;MBO-BOL;havo of vwo;LBO of vmbo;redelijk;ja
899;vmbo;vrouw;4;4;;;17;MBO-BOL;havo of vwo;HBO of WO;redelijk;ja
900;vmbo;vrouw;6;4;32.0;450.0;17;MBO-BOL;MBO;MBO;goed;ja
901;vmbo;vrouw;;;24.0;350.0;18;geen opleiding, gaan werken;LBO of vmbo;;;
902;vmbo;man;3;4;5.0;120.0;19;MBO-BOL;MBO;MBO;goed;ja
903;vmbo;vrouw;2;2;9.0;250.0;18;MBO-BOL;LBO of vmbo;LBO of vmbo;slecht;nee, gestopt
904;vmbo;man;1;4;;;17;MBO-BOL;;basisonderwijs;slecht;ja
905;vmbo;man;4;4;;;17;MBO-BBL;LBO of vmbo;LBO of vmbo;goed;ja
906;vmbo;man;3;2;10.0;300.0;18;MBO-BOL;basisonderwijs;basisonderwijs;redelijk;ja
907;vmbo;vrouw;4;4;;;18;MBO-BBL;basisonderwijs;LBO of vmbo;redelijk;ja
908;vmbo;man;6;6;8.0;250.0;15;MBO-BOL;LBO of vmbo;HBO of WO;goed;ja
909;vmbo;man;3;2;6.0;160.0;18;MBO-BOL;havo of vwo;HBO of WO;goed;ja
910;vmbo;man;4;4;36.0;633.0;18;MBO-BBL;LBO of vmbo;LBO of vmbo;redelijk;nee, diploma behaald
911;vmbo;man;4;4;;;18;MBO-BBL;MBO;basisonderwijs;goed;nee, gestopt
912;vmbo;vrouw;4;4;;;18;MBO-BOL;;;matig;nee, diploma behaald
913;vmbo;man;4;4;12.0;220.0;17;MBO-BOL;;;redelijk;ja
914;vmbo;vrouw;3;3;8.0;;15;MBO-BOL;MBO;MBO;matig;nee, gestopt
915;vmbo;man;5;5;;;17;MBO-BOL;MBO;LBO of vmbo;goed;ja
916;vmbo;vrouw;4;4;;;18;MBO-BOL;LBO of vmbo;LBO of vmbo;goed;ja
917;vmbo;man;3;5;30.0;240.0;17;MBO-BOL;MBO;MBO;goed;ja
918;vmbo;vrouw;4;4;;;18;MBO-BOL;;;redelijk;ja
919;vmbo;man;7;2;5.0;91.0;18;MBO-BOL;LBO of vmbo;HBO of WO;goed;ja
920;vmbo;vrouw;5;4;;;18;MBO-BOL;MBO;MBO;goed;ja
921;vmbo;man;5;3;;;18;MBO-BBL;LBO of vmbo;havo of vwo;redelijk;ja
922;vmbo;vrouw;4;4;25.0;;18;MBO-BOL;LBO of vmbo;LBO of vmbo;redelijk;ja
923;vmbo;vrouw;4;4;;;18;MBO-BOL;LBO of vmbo;LBO of vmbo;redelijk;ja
924;vmbo;vrouw;4;4;12.0;;18;MBO-BOL;MBO;MBO;goed;ja
925;vmbo;man;4;3;;;18;MBO-BOL;basisonderwijs;basisonderwijs;redelijk;ja
926;vmbo;vrouw;4;4;;;18;MBO-BOL;havo of vwo;basisonderwijs;redelijk;ja
927;vmbo;vrouw;5;5;8.0;144.0;17;MBO-BOL;MBO;MBO;goed;ja
928;vmbo;vrouw;4;4;;;17;;MBO;MBO;;
929;vmbo;vrouw;7;4;16.0;;18;MBO-BOL;MBO;LBO of vmbo;goed;ja
930;vmbo;man;4;4;;;18;MBO-BOL;LBO of vmbo;MBO;goed;ja
931;vmbo;vrouw;2;4;12.0;118.0;19;MBO-BOL;HBO of WO;havo of vwo;redelijk;nee, gestopt
932;vmbo;man;2;2;5.0;80.0;17;MBO-BOL;LBO of vmbo;LBO of vmbo;redelijk;nee, gestopt
933;vmbo;vrouw;6;6;3.0;65.0;17;MBO-BOL;LBO of vmbo;LBO of vmbo;goed;ja
934;vmbo;vrouw;;;;;18;MBO-BOL;;;;
935;vmbo;vrouw;6;5;;;17;MBO-BOL;LBO of vmbo;LBO of vmbo;goed;ja
936;vmbo;man;4;3;40.0;700.0;18;MBO-BBL;HBO of WO;LBO of vmbo;redelijk;ja
937;vmbo;man;4;4;;;17;MBO-BOL;havo of vwo;LBO of vmbo;goed;ja
938;vmbo;man;2;3;;;19;MBO-BOL;MBO;MBO;slecht;ja
939;vmbo;man;5;6;12.0;100.0;17;MBO-BOL;;;goed;ja
940;vmbo;man;4;4;;;17;MBO-BOL;LBO of vmbo;havo of vwo;matig;ja
941;vmbo;man;3;4;4.0;60.0;17;MBO-BOL;MBO;MBO;redelijk;ja
942;vmbo;man;3;3;;;18;MBO-BOL;havo of vwo;MBO;goed;ja
943;vmbo;man;5;3;4.0;30.0;17;MBO-BOL;MBO;MBO;matig;ja
944;vmbo;man;4;5;10.0;160.0;18;MBO-BOL;MBO;HBO of WO;goed;ja
945;vmbo;vrouw;5;3;;200.0;17;MBO-BOL;MBO;LBO of vmbo;redelijk;ja
946;vmbo;man;4;4;24.0;700.0;17;MBO-BBL;HBO of WO;MBO;matig;ja
947;vmbo;man;5;4;12.0;200.0;17;MBO-BOL;MBO;MBO;slecht;ja
948;vmbo;man;4;4;30.0;700.0;17;MBO-BBL;LBO of vmbo;basisonderwijs;redelijk;ja
949;vmbo;man;4;4;;;17;MBO-BOL;;;redelijk;ja
950;vmbo;man;5;5;38.0;;18;MBO-BBL;havo of vwo;havo of vwo;redelijk;ja
951;vmbo;man;5;3;;;17;MBO-BOL;MBO;HBO of WO;redelijk;ja
952;vmbo;man;6;5;32.0;670.0;17;MBO-BBL;MBO;MBO;goed;ja
953;vmbo;man;4;4;;;17;MBO-BOL;MBO;MBO;redelijk;ja
954;vmbo;man;5;4;12.0;164.0;17;MBO-BOL;MBO;MBO;redelijk;ja
955;vmbo;man;6;3;;;17;MBO-BOL;MBO;MBO;goed;ja
956;vmbo;vrouw;4;4;;;18;MBO-BOL;HBO of WO;HBO of WO;redelijk;ja
957;vmbo;vrouw;6;6;;;18;MBO-BOL;LBO of vmbo;LBO of vmbo;redelijk;ja
958;vmbo;man;3;4;;;17;MBO-BOL;MBO;MBO;slecht;ja
959;vmbo;man;5;6;32.0;500.0;17;MBO-BBL;havo of vwo;MBO;goed;ja
960;vmbo;man;4;3;42.0;1020.0;17;MBO-BBL;LBO of vmbo;MBO;goed;ja
961;vmbo;man;5;6;;;18;MBO-BOL;MBO;LBO of vmbo;redelijk;ja
962;vmbo;man;6;5;14.0;250.0;17;MBO-BOL;MBO;;goed;nee, diploma behaald
963;vmbo;man;5;3;32.0;800.0;17;MBO-BBL;HBO of WO;MBO;redelijk;ja
964;vmbo;man;4;4;12.0;400.0;18;MBO-BOL;LBO of vmbo;LBO of vmbo;goed;ja
965;vmbo;man;6;5;6.0;230.0;18;MBO-BOL;LBO of vmbo;LBO of vmbo;goed;ja
966;vmbo;man;3;4;;600.0;17;MBO-BOL;LBO of vmbo;LBO of vmbo;redelijk;ja
967;vmbo;vrouw;4;3;18.0;230.0;17;MBO-BOL;MBO;MBO;matig;ja
968;vmbo;man;3;3;40.0;700.0;17;MBO-BBL;LBO of vmbo;MBO;slecht;ja
969;vmbo;man;4;3;16.0;600.0;18;MBO-BOL;LBO of vmbo;MBO;slecht;ja
970;vmbo;man;4;4;;;17;MBO-BOL;MBO;HBO of WO;matig;nee, gestopt
971;vmbo;man;6;5;32.0;1300.0;18;MBO-BOL;LBO of vmbo;LBO of vmbo;redelijk;nee, gestopt
972;vmbo;man;6;6;38.0;1100.0;18;MBO-BBL;LBO of vmbo;MBO;redelijk;ja
973;vmbo;man;5;5;18.0;400.0;17;overig;MBO;MBO;;
974;vmbo;man;3;3;;;19;MBO-BOL;MBO;MBO;goed;nee, diploma behaald
975;vmbo;man;4;4;;;17;MBO-BOL;havo of vwo;MBO;matig;ja
976;vmbo;man;5;4;;;17;MBO-BOL;MBO;MBO;redelijk;ja
977;vmbo;man;4;4;24.0;1200.0;17;MBO-BBL;MBO;HBO of WO;redelijk;ja
978;vmbo;man;5;4;;;17;MBO-BOL;MBO;MBO;goed;ja
979;vmbo;man;3;4;;;18;MBO-BOL;MBO;LBO of vmbo;redelijk;ja
980;vmbo;man;6;3;32.0;945.0;18;MBO-BBL;MBO;MBO;matig;ja
981;vmbo;man;;;;;17;MBO-BOL;;;;
982;vmbo;man;4;4;31.0;750.0;17;MBO-BBL;LBO of vmbo;MBO;goed;ja
983;vmbo;man;3;3;;;17;MBO-BOL;MBO;MBO;matig;ja
984;vmbo;man;3;4;32.0;900.0;18;MBO-BBL;havo of vwo;LBO of vmbo;redelijk;ja
985;vmbo;man;4;3;14.0;175.0;17;;HBO of WO;basisonderwijs;;
986;vmbo;man;4;3;;;18;MBO-BOL;HBO of WO;HBO of WO;goed;ja
987;vmbo;man;4;4;4.0;50.0;19;MBO-BOL;HBO of WO;MBO;goed;ja
988;vmbo;man;6;5;6.0;;18;MBO-BOL;MBO;MBO;redelijk;
989;vmbo;man;1;1;;;17;MBO-BOL;HBO of WO;MBO;goed;ja
990;vmbo;man;4;3;6.0;5.0;18;MBO-BOL;LBO of vmbo;HBO of WO;redelijk;ja
991;vmbo;man;4;4;6.0;300.0;17;MBO-BOL;LBO of vmbo;MBO;slecht;ja
992;vmbo;man;4;5;;;18;MBO-BOL;HBO of WO;HBO of WO;goed;ja
993;vmbo;man;5;5;;;17;MBO-BOL;HBO of WO;MBO;redelijk;ja
994;vmbo;vrouw;5;4;;;18;MBO-BOL;LBO of vmbo;MBO;matig;ja
995;vmbo;man;5;5;;;18;MBO-BOL;;;redelijk;ja
996;vmbo;man;3;4;9.0;250.0;18;MBO-BOL;;;goed;nee, diploma behaald
997;vmbo;man;5;2;6.0;150.0;18;MBO-BOL;LBO of vmbo;HBO of WO;goed;ja
998;vmbo;man;4;2;8.0;100.0;17;MBO-BOL;MBO;MBO;slecht;ja
999;vmbo;man;2;3;;;18;MBO-BOL;MBO;HBO of WO;redelijk;ja
1000;vmbo;man;5;3;40.0;700.0;17;MBO-BBL;HBO of WO;MBO;redelijk;ja
1001;vmbo;man;3;2;;;19;MBO-BOL;LBO of vmbo;MBO;goed;ja
1002;vmbo;man;5;3;40.0;;19;MBO-BBL;MBO;HBO of WO;redelijk;ja
1003;vmbo;man;4;4;10.0;150.0;17;MBO-BOL;MBO;LBO of vmbo;redelijk;ja
1004;vmbo;man;5;5;32.0;815.0;17;MBO-BBL;MBO;MBO;redelijk;ja
1005;vmbo;man;5;3;13.0;200.0;17;MBO-BOL;MBO;MBO;matig;ja
1006;vmbo;man;5;4;4.0;142.0;18;MBO-BOL;MBO;MBO;redelijk;ja
1007;vmbo;man;5;4;;;17;MBO-BOL;LBO of vmbo;LBO of vmbo;goed;ja
1008;vmbo;man;4;4;;;19;MBO-BOL;LBO of vmbo;LBO of vmbo;redelijk;ja
1009;vmbo;vrouw;4;4;18.0;300.0;18;MBO-BOL;havo of vwo;havo of vwo;matig;ja
1010;vmbo;man;3;5;32.0;400.0;18;MBO-BOL;MBO;MBO;goed;ja
1011;vmbo;man;4;4;32.0;650.0;17;MBO-BBL;LBO of vmbo;LBO of vmbo;goed;ja
1012;vmbo;man;4;2;32.0;1200.0;17;MBO-BBL;LBO of vmbo;basisonderwijs;goed;ja
1013;vmbo;man;4;2;37.0;1600.0;18;MBO-BBL;MBO;LBO of vmbo;goed;ja
1014;vmbo;man;4;4;6.0;;18;MBO-BOL;MBO;LBO of vmbo;goed;ja
1015;vmbo;man;6;5;40.0;730.0;18;MBO-BBL;MBO;MBO;goed;ja
1016;vmbo;man;3;4;24.0;780.0;18;MBO-BBL;LBO of vmbo;LBO of vmbo;slecht;ja
1017;vmbo;man;4;4;40.0;;18;geen opleiding, gaan werken;LBO of vmbo;basisonderwijs;;
1018;vmbo;man;5;7;;;17;MBO-BOL;MBO;MBO;redelijk;ja
1019;vmbo;man;5;5;12.0;800.0;17;MBO-BOL;HBO of WO;HBO of WO;slecht;nee, gestopt
1020;vmbo;man;4;3;24.0;960.0;19;MBO-BBL;MBO;LBO of vmbo;goed;ja
1021;vmbo;man;3;4;9.0;103.0;18;MBO-BOL;havo of vwo;havo of vwo;matig;ja
1022;vmbo;man;4;4;;;17;geen opleiding, gaan werken;havo of vwo;basisonderwijs;;
1023;vmbo;man;3;3;32.0;650.0;17;MBO-BBL;;;goed;ja
1024;vmbo;man;3;2;;;17;MBO-BOL;LBO of vmbo;HBO of WO;redelijk;ja
1025;vmbo;man;;;;;17;MBO-BOL;;;redelijk;nee, diploma behaald
1026;vmbo;man;1;2;16.0;67.0;18;MBO-BBL;LBO of vmbo;HBO of WO;slecht;ja
1027;vmbo;man;4;4;40.0;975.0;18;MBO-BBL;MBO;LBO of vmbo;redelijk;nee, diploma behaald
1028;vmbo;man;4;5;;;18;MBO-BOL;LBO of vmbo;basisonderwijs;redelijk;ja
1029;vmbo;man;5;3;5.0;100.0;18;MBO-BOL;havo of vwo;LBO of vmbo;goed;ja
1030;vmbo;man;4;3;10.0;250.0;17;MBO-BOL;MBO;MBO;goed;ja
1031;vmbo;man;6;6;;;18;MBO-BBL;;;goed;ja
1032;vmbo;man;4;4;12.0;250.0;18;MBO-BBL;LBO of vmbo;LBO of vmbo;redelijk;ja
1033;vmbo;man;5;5;40.0;800.0;18;MBO-BBL;LBO of vmbo;MBO;matig;ja
1034;vmbo;man;5;5;;;17;MBO-BOL;MBO;MBO;goed;ja
1035;vmbo;man;2;4;;;19;MBO-BBL;HBO of WO;MBO;slecht;nee, diploma behaald
1036;vmbo;man;5;5;32.0;850.0;18;MBO-BBL;havo of vwo;basisonderwijs;goed;ja
1037;vmbo;vrouw;5;1;32.0;1000.0;18;MBO-BBL;MBO;MBO;matig;ja
1038;vmbo;man;;;;;15;;;;;
1039;vmbo;vrouw;7;4;26.0;430.0;17;MBO-BBL;MBO;MBO;matig;ja
1040;vmbo;man;3;3;;;19;MBO-BOL;MBO;LBO of vmbo;matig;nee, diploma behaald
1041;vmbo;vrouw;4;2;8.0;160.0;18;havo;LBO of vmbo;basisonderwijs;goed;ja
1042;vmbo;vrouw;4;3;5.0;30.0;17;MBO-BOL;MBO;havo of vwo;goed;ja
1043;vmbo;vrouw;5;5;;;17;MBO-BOL;HBO of WO;HBO of WO;goed;ja
1044;vmbo;man;4;2;4.0;300.0;17;MBO-BOL;HBO of WO;MBO;redelijk;ja
1045;vmbo;vrouw;4;3;12.0;150.0;17;MBO-BOL;MBO;MBO;redelijk;ja
1046;vmbo;man;3;3;15.0;200.0;19;MBO-BBL;basisonderwijs;basisonderwijs;matig;ja
1047;vmbo;vrouw;6;5;27.0;400.0;17;MBO-BBL;LBO of vmbo;LBO of vmbo;redelijk;ja
1048;vmbo;vrouw;6;4;;;17;MBO-BOL;HBO of WO;LBO of vmbo;goed;ja
1049;vmbo;man;5;3;7.0;170.0;17;havo;MBO;havo of vwo;goed;ja
1050;vmbo;man;5;4;10.0;300.0;18;MBO-BOL;HBO of WO;MBO;redelijk;ja
1051;vmbo;man;4;3;;;18;MBO-BOL;LBO of vmbo;LBO of vmbo;goed;ja
1052;vmbo;man;5;3;;;18;MBO-BOL;HBO of WO;HBO of WO;redelijk;ja
1053;vmbo;vrouw;4;6;2.0;80.0;17;MBO-BOL;MBO;MBO;goed;ja
1054;vmbo;vrouw;6;5;;;17;;HBO of WO;HBO of WO;;
1055;vmbo;vrouw;5;4;6.0;70.0;17;havo;LBO of vmbo;havo of vwo;goed;nee, diploma behaald
1056;vmbo;vrouw;4;3;;;17;MBO-BOL;HBO of WO;LBO of vmbo;redelijk;ja
1057;vmbo;vrouw;4;4;10.0;;17;;HBO of WO;;;
1058;vmbo;vrouw;3;3;9.0;230.0;17;havo;HBO of WO;HBO of WO;redelijk;ja
1059;vmbo;man;5;3;18.0;800.0;18;MBO-BOL;basisonderwijs;basisonderwijs;redelijk;ja
1060;vmbo;man;4;4;;;19;MBO-BOL;LBO of vmbo;LBO of vmbo;redelijk;nee, gestopt
1061;vmbo;vrouw;4;5;12.0;220.0;18;MBO-BOL;HBO of WO;HBO of WO;goed;nee, diploma behaald
1062;vmbo;vrouw;4;4;;;17;MBO-BOL;HBO of WO;MBO;redelijk;ja
1063;vmbo;man;5;4;8.0;150.0;17;MBO-BOL;LBO of vmbo;LBO of vmbo;slecht;ja
1064;vmbo;vrouw;;;;;17;MBO-BOL;;;;
1065;vmbo;man;2;4;;;17;MBO-BBL;;;matig;ja
1066;vmbo;vrouw;4;4;24.0;300.0;17;MBO-BOL;MBO;HBO of WO;goed;ja
1067;vmbo;vrouw;3;2;7.0;115.0;18;MBO-BOL;MBO;MBO;goed;ja
1068;vmbo;vrouw;4;4;16.0;;17;MBO-BBL;MBO;MBO;redelijk;ja
1069;vmbo;vrouw;4;3;;;17;MBO-BOL;HBO of WO;HBO of WO;matig;ja
1070;vmbo;vrouw;5;4;10.0;200.0;17;MBO-BOL;MBO;MBO;matig;ja
1071;vmbo;man;4;5;28.0;141.0;18;MBO-BBL;MBO;LBO of vmbo;goed;ja
1072;vmbo;man;5;4;;;18;MBO-BOL;LBO of vmbo;LBO of vmbo;redelijk;ja
1073;vmbo;vrouw;5;5;11.0;207.0;18;MBO-BOL;;;goed;ja
1074;vmbo;man;;;;;17;MBO-BBL;;;;
1075;vmbo;vrouw;2;1;10.0;130.0;17;MBO-BOL;MBO;LBO of vmbo;matig;ja
1076;vmbo;vrouw;1;2;18.0;200.0;17;MBO-BOL;MBO;HBO of WO;redelijk;ja
1077;vmbo;vrouw;3;3;;;17;MBO-BOL;MBO;HBO of WO;redelijk;ja
1078;vmbo;vrouw;5;5;12.0;210.0;15;MBO-BOL;MBO;LBO of vmbo;goed;ja
1079;vmbo;vrouw;4;3;;;17;MBO-BOL;MBO;HBO of WO;goed;ja
1080;vmbo;vrouw;4;4;;;17;MBO-BOL;MBO;LBO of vmbo;goed;ja
1081;vmbo;man;4;6;;;17;MBO-BOL;MBO;MBO;matig;ja
1082;vmbo;man;4;5;6.0;130.0;17;MBO-BOL;MBO;MBO;matig;ja
1083;vmbo;vrouw;4;3;9.0;165.0;17;MBO-BOL;MBO;LBO of vmbo;redelijk;ja
1084;vmbo;man;5;4;;;19;MBO-BOL;basisonderwijs;havo of vwo;redelijk;ja
1085;vmbo;man;2;4;;;17;;MBO;MBO;;
1086;vmbo;vrouw;3;3;;;18;MBO-BOL;LBO of vmbo;LBO of vmbo;redelijk;ja
1087;vmbo;man;;;;;17;MBO-BOL;;;;
1088;vmbo;vrouw;6;4;20.0;543.0;18;MBO-BOL;MBO;;goed;ja
1089;vmbo;man;2;1;;;17;MBO-BOL;HBO of WO;HBO of WO;matig;ja
1090;vmbo;man;3;5;;;17;MBO-BOL;basisonderwijs;LBO of vmbo;redelijk;ja
1091;vmbo;vrouw;2;3;30.0;400.0;20;MBO-BOL;LBO of vmbo;LBO of vmbo;redelijk;nee, diploma behaald
1092;vmbo;man;4;4;6.0;230.0;17;MBO-BOL;LBO of vmbo;LBO of vmbo;slecht;ja
1093;vmbo;man;5;3;;;18;MBO-BOL;basisonderwijs;havo of vwo;redelijk;ja
1094;vmbo;vrouw;5;5;3.0;65.0;18;MBO-BBL;HBO of WO;HBO of WO;redelijk;ja
1095;vmbo;vrouw;3;4;5.0;140.0;17;MBO-BOL;MBO;MBO;redelijk;ja
1096;vmbo;man;6;5;10.0;35.0;17;MBO-BOL;LBO of vmbo;basisonderwijs;goed;ja
1097;vmbo;vrouw;4;4;12.0;300.0;17;MBO-BOL;HBO of WO;HBO of WO;matig;ja
1098;vmbo;man;5;4;20.0;300.0;18;MBO-BOL;HBO of WO;MBO;matig;ja
1099;vmbo;man;5;5;;;19;MBO-BBL;MBO;MBO;goed;ja
1100;vmbo;vrouw;;;;;17;MBO-BOL;;;;
1101;vmbo;man;5;4;;;18;MBO-BOL;MBO;LBO of vmbo;redelijk;ja
1102;vmbo;vrouw;4;4;;;17;MBO-BOL;LBO of vmbo;HBO of WO;redelijk;ja
1103;vmbo;man;5;4;15.0;250.0;18;MBO-BOL;havo of vwo;MBO;goed;ja
1104;vmbo;man;5;4;12.0;250.0;17;MBO-BOL;basisonderwijs;basisonderwijs;goed;ja
1105;vmbo;man;4;4;6.0;110.0;17;MBO-BOL;;;matig;ja
1106;vmbo;man;5;5;;;17;MBO-BOL;LBO of vmbo;HBO of WO;goed;ja
1107;vmbo;vrouw;7;6;;;18;MBO-BOL;LBO of vmbo;LBO of vmbo;goed;ja
1108;vmbo;vrouw;4;5;12.0;5.0;17;MBO-BOL;HBO of WO;LBO of vmbo;matig;ja
1109;vmbo;vrouw;2;1;10.0;200.0;17;MBO-BOL;LBO of vmbo;MBO;redelijk;ja
1110;vmbo;vrouw;2;5;;;17;MBO-BBL;basisonderwijs;basisonderwijs;redelijk;ja
1111;vmbo;vrouw;3;4;12.0;150.0;17;MBO-BOL;havo of vwo;MBO;redelijk;ja
1112;vmbo;man;4;3;;;17;MBO-BOL;MBO;LBO of vmbo;goed;nee, diploma behaald
1113;vmbo;man;4;4;;;17;MBO-BOL;LBO of vmbo;LBO of vmbo;goed;ja
1114;vmbo;man;6;5;;;18;MBO-BOL;LBO of vmbo;LBO of vmbo;goed;nee, diploma behaald
1115;vmbo;man;5;4;;;17;MBO-BBL;LBO of vmbo;MBO;goed;ja
1116;vmbo;man;7;3;;;18;MBO-BOL;basisonderwijs;havo of vwo;matig;nee, gestopt
1117;vmbo;man;4;4;;;17;MBO-BOL;basisonderwijs;basisonderwijs;goed;ja
1118;vmbo;vrouw;5;4;25.0;300.0;17;MBO-BOL;LBO of vmbo;LBO of vmbo;redelijk;ja
1119;vmbo;man;5;2;;;17;MBO-BOL;HBO of WO;HBO of WO;goed;ja
1120;vmbo;man;5;5;32.0;577.0;17;MBO-BBL;MBO;LBO of vmbo;goed;ja
1121;vmbo;man;5;3;30.0;300.0;17;MBO-BOL;HBO of WO;HBO of WO;redelijk;ja
1122;vmbo;man;5;4;;;17;MBO-BOL;HBO of WO;MBO;slecht;ja
1123;vmbo;man;4;4;25.0;225.0;17;MBO-BOL;LBO of vmbo;LBO of vmbo;goed;ja
1124;vmbo;man;1;2;4.0;100.0;17;MBO-BOL;MBO;MBO;slecht;ja
1125;vmbo;man;4;4;;;18;overig;MBO;MBO;;
1126;vmbo;vrouw;4;4;20.0;500.0;17;MBO-BBL;LBO of vmbo;LBO of vmbo;goed;ja
1127;vmbo;man;4;3;;;17;MBO-BBL;LBO of vmbo;havo of vwo;redelijk;ja
1128;vmbo;man;5;4;;;16;MBO-BOL;MBO;LBO of vmbo;goed;ja
1129;vmbo;man;6;4;;;18;MBO-BOL;;;redelijk;ja
1130;vmbo;vrouw;7;4;12.0;200.0;18;MBO-BOL;MBO;MBO;goed;ja
1131;vmbo;man;2;5;;;17;MBO-BOL;MBO;HBO of WO;slecht;nee, gestopt
1132;vmbo;vrouw;6;4;6.0;150.0;18;MBO-BOL;havo of vwo;basisonderwijs;slecht;ja
1133;vmbo;man;4;4;13.0;280.0;18;MBO-BBL;;MBO;redelijk;ja
1134;vmbo;man;4;2;36.0;;17;MBO-BOL;HBO of WO;HBO of WO;slecht;nee, gestopt
1135;vmbo;vrouw;4;4;10.0;;18;MBO-BOL;havo of vwo;LBO of vmbo;redelijk;nee, diploma behaald
1136;vmbo;man;4;3;;;19;MBO-BOL;LBO of vmbo;LBO of vmbo;redelijk;ja
1137;vmbo;vrouw;6;4;;;18;MBO-BBL;;;goed;nee, gestopt
1138;vmbo;vrouw;3;1;7.0;;17;MBO-BOL;MBO;MBO;matig;ja
1139;vmbo;man;4;3;38.0;720.0;17;MBO-BBL;MBO;MBO;redelijk;ja
1140;vmbo;man;5;4;;;17;MBO-BOL;MBO;MBO;goed;ja
1141;vmbo;vrouw;6;6;20.0;200.0;18;MBO-BOL;LBO of vmbo;LBO of vmbo;goed;ja
1142;vmbo;vrouw;4;4;38.0;881.0;18;MBO-BOL;MBO;MBO;redelijk;nee, diploma behaald
1143;vmbo;man;6;4;;;18;MBO-BOL;basisonderwijs;havo of vwo;redelijk;ja
1144;vmbo;vrouw;;;3.0;40.0;18;MBO-BOL;;;redelijk;ja
1145;vmbo;man;5;4;13.0;250.0;19;MBO-BOL;LBO of vmbo;basisonderwijs;goed;ja
1146;vmbo;man;4;4;;;18;MBO-BOL;LBO of vmbo;basisonderwijs;redelijk;nee, gestopt
1147;vmbo;man;4;3;16.0;60.0;17;MBO-BOL;MBO;MBO;goed;ja
1148;vmbo;man;5;4;;;17;MBO-BOL;LBO of vmbo;LBO of vmbo;redelijk;ja
1149;vmbo;vrouw;5;5;32.0;700.0;19;MBO-BBL;MBO;MBO;redelijk;ja
1150;vmbo;vrouw;5;3;;;17;MBO-BOL;MBO;HBO of WO;goed;ja
1151;vmbo;man;5;4;;;18;MBO-BOL;HBO of WO;HBO of WO;goed;ja
1152;vmbo;vrouw;3;4;;;17;MBO-BOL;MBO;HBO of WO;goed;ja
1153;vmbo;vrouw;6;3;7.0;200.0;17;MBO-BOL;MBO;MBO;goed;ja
1154;vmbo;vrouw;3;3;5.0;80.0;17;MBO-BOL;HBO of WO;MBO;matig;ja
1155;vmbo;vrouw;4;3;;;17;MBO-BOL;MBO;MBO;goed;ja
1156;vmbo;vrouw;6;4;8.0;150.0;17;MBO-BOL;LBO of vmbo;MBO;goed;ja
1157;vmbo;vrouw;4;4;40.0;400.0;17;MBO-BOL;MBO;HBO of WO;redelijk;ja
1158;vmbo;vrouw;4;4;12.0;230.0;19;MBO-BOL;MBO;HBO of WO;redelijk;ja
1159;vmbo;vrouw;4;4;12.0;190.0;17;MBO-BOL;LBO of vmbo;LBO of vmbo;goed;ja
1160;vmbo;man;4;4;4.0;120.0;18;MBO-BOL;MBO;MBO;redelijk;ja
1161;vmbo;vrouw;3;4;8.0;200.0;18;MBO-BOL;MBO;MBO;matig;ja
1162;vmbo;vrouw;3;3;30.0;300.0;17;MBO-BOL;MBO;MBO;matig;nee, gestopt
1163;vmbo;vrouw;4;4;40.0;250.0;17;MBO-BOL;havo of vwo;havo of vwo;redelijk;ja
1164;vmbo;vrouw;6;5;25.0;1000.0;18;MBO-BOL;LBO of vmbo;basisonderwijs;redelijk;nee, gestopt
1165;vmbo;vrouw;4;4;;;18;MBO-BOL;LBO of vmbo;LBO of vmbo;slecht;ja
1166;vmbo;vrouw;3;4;6.0;120.0;18;MBO-BOL;HBO of WO;HBO of WO;redelijk;ja
1167;vmbo;vrouw;4;4;8.0;150.0;17;MBO-BOL;HBO of WO;HBO of WO;redelijk;ja
1168;vmbo;vrouw;5;5;;;17;MBO-BOL;LBO of vmbo;LBO of vmbo;matig;ja
1169;vmbo;vrouw;4;5;7.0;100.0;18;MBO-BOL;MBO;MBO;goed;ja
1170;vmbo;vrouw;6;5;;;17;MBO-BOL;MBO;MBO;goed;ja
1171;vmbo;vrouw;5;4;20.0;140.0;18;MBO-BOL;MBO;HBO of WO;goed;ja
1172;vmbo;vrouw;;;8.0;4.0;18;MBO-BOL;;;goed;ja
1173;vmbo;vrouw;4;4;;;17;MBO-BOL;MBO;MBO;goed;ja
1174;vmbo;vrouw;;;;;17;MBO-BOL;;;matig;ja
1175;vmbo;vrouw;3;4;;;17;MBO-BOL;LBO of vmbo;HBO of WO;redelijk;ja
1176;vmbo;vrouw;6;5;4.0;75.0;17;MBO-BOL;MBO;MBO;redelijk;ja
1177;vmbo;man;4;4;10.0;150.0;17;MBO-BOL;HBO of WO;LBO of vmbo;goed;nee, gestopt
1178;vmbo;vrouw;5;3;;;18;MBO-BOL;MBO;MBO;redelijk;ja
1179;vmbo;vrouw;4;3;;;18;;LBO of vmbo;HBO of WO;;
1180;vmbo;vrouw;4;3;;;17;MBO-BOL;MBO;LBO of vmbo;goed;ja
1181;vmbo;vrouw;3;2;2.0;15.0;18;MBO-BOL;LBO of vmbo;LBO of vmbo;matig;ja
1182;vmbo;vrouw;;4;;;17;MBO-BOL;havo of vwo;LBO of vmbo;goed;ja
1183;vmbo;vrouw;5;5;;;17;MBO-BOL;HBO of WO;HBO of WO;goed;ja
1184;vmbo;vrouw;3;4;20.0;300.0;18;MBO-BOL;MBO;LBO of vmbo;matig;nee, gestopt
1185;vmbo;vrouw;3;3;6.0;150.0;18;MBO-BOL;MBO;MBO;matig;ja
1186;vmbo;man;3;2;40.0;800.0;17;MBO-BBL;LBO of vmbo;LBO of vmbo;redelijk;ja
1187;vmbo;vrouw;1;2;13.0;170.0;18;MBO-BOL;MBO;HBO of WO;goed;ja
1188;vmbo;vrouw;4;4;5.0;80.0;17;MBO-BOL;MBO;HBO of WO;redelijk;ja
1189;vmbo;vrouw;5;2;;;17;MBO-BOL;MBO;HBO of WO;matig;ja
1190;vmbo;vrouw;4;5;22.0;240.0;17;MBO-BOL;LBO of vmbo;HBO of WO;redelijk;nee, gestopt
1191;vmbo;vrouw;5;5;;;18;MBO-BOL;LBO of vmbo;LBO of vmbo;redelijk;nee, gestopt
1192;vmbo;vrouw;3;3;;;17;MBO-BOL;MBO;HBO of WO;matig;ja
1193;vmbo;vrouw;5;4;12.0;300.0;18;MBO-BOL;LBO of vmbo;LBO of vmbo;redelijk;ja
1194;vmbo;vrouw;5;4;4.0;80.0;17;MBO-BOL;MBO;MBO;goed;ja
1195;vmbo;vrouw;6;6;40.0;200.0;18;MBO-BOL;MBO;MBO;goed;ja
1196;vmbo;vrouw;2;5;;;18;MBO-BOL;MBO;MBO;redelijk;ja
1197;vmbo;vrouw;;;;;19;MBO-BBL;;;goed;
1198;vmbo;vrouw;3;5;3.0;45.0;17;MBO-BOL;MBO;basisonderwijs;goed;nee, diploma behaald
1199;vmbo;vrouw;6;5;;;18;MBO-BOL;LBO of vmbo;LBO of vmbo;goed;ja
1200;vmbo;vrouw;4;4;4.0;170.0;18;MBO-BOL;MBO;MBO;goed;ja
1201;vmbo;vrouw;5;3;24.0;900.0;17;MBO-BBL;havo of vwo;havo of vwo;goed;ja
1202;vmbo;vrouw;6;5;14.0;328.0;18;MBO-BOL;LBO of vmbo;LBO of vmbo;goed;ja
1203;vmbo;vrouw;4;4;7.0;124.0;17;MBO-BOL;LBO of vmbo;LBO of vmbo;goed;ja
1204;vmbo;vrouw;4;4;;;17;MBO-BOL;LBO of vmbo;havo of vwo;redelijk;ja
1205;vmbo;vrouw;5;4;36.0;1000.0;17;MBO-BBL;MBO;MBO;redelijk;ja
1206;vmbo;vrouw;6;4;9.0;100.0;17;MBO-BOL;MBO;MBO;goed;ja
1207;vmbo;vrouw;5;3;9.0;120.0;17;MBO-BOL;MBO;MBO;goed;ja
1208;vmbo;vrouw;4;4;40.0;;18;MBO-BOL;LBO of vmbo;LBO of vmbo;goed;ja
1209;vmbo;vrouw;4;2;20.0;5.0;17;MBO-BOL;LBO of vmbo;LBO of vmbo;redelijk;ja
1210;vmbo;vrouw;5;6;;;18;MBO-BOL;havo of vwo;HBO of WO;goed;ja
1211;vmbo;vrouw;6;4;6.0;250.0;17;MBO-BOL;LBO of vmbo;LBO of vmbo;redelijk;ja
1212;vmbo;vrouw;6;6;;;18;MBO-BOL;LBO of vmbo;LBO of vmbo;goed;ja
1213;vmbo;vrouw;4;4;;5.0;17;MBO-BOL;LBO of vmbo;MBO;goed;ja
1214;vmbo;vrouw;6;5;;;18;MBO-BOL;LBO of vmbo;havo of vwo;goed;ja
1215;vmbo;vrouw;3;4;8.0;100.0;17;MBO-BOL;havo of vwo;HBO of WO;redelijk;ja
1216;vmbo;vrouw;4;5;8.0;100.0;17;MBO-BOL;MBO;MBO;goed;ja
1217;vmbo;vrouw;3;4;;;18;MBO-BOL;MBO;havo of vwo;redelijk;ja
1218;vmbo;vrouw;2;4;21.0;100.0;18;MBO-BOL;MBO;LBO of vmbo;goed;ja
1219;vmbo;man;5;5;;;17;MBO-BOL;havo of vwo;havo of vwo;goed;ja
1220;vmbo;vrouw;7;6;;;17;MBO-BOL;LBO of vmbo;LBO of vmbo;goed;ja
1221;vmbo;vrouw;7;6;25.0;500.0;18;MBO-BBL;MBO;MBO;redelijk;ja
1222;vmbo;vrouw;3;4;20.0;400.0;19;geen opleiding, gaan werken;MBO;HBO of WO;;
1223;vmbo;vrouw;5;4;18.0;250.0;17;MBO-BOL;HBO of WO;HBO of WO;goed;ja
1224;vmbo;vrouw;5;2;11.0;;17;MBO-BOL;havo of vwo;havo of vwo;redelijk;ja
1225;vmbo;vrouw;4;4;6.0;120.0;17;MBO-BBL;MBO;MBO;goed;nee, gestopt
1226;vmbo;vrouw;4;4;3.0;70.0;18;MBO-BOL;MBO;HBO of WO;goed;ja
1227;vmbo;vrouw;5;4;10.0;200.0;17;MBO-BOL;MBO;MBO;slecht;ja
1228;vmbo;vrouw;6;5;;;19;MBO-BBL;MBO;HBO of WO;matig;ja
1229;vmbo;vrouw;6;4;29.0;400.0;18;MBO-BOL;LBO of vmbo;havo of vwo;redelijk;ja
1230;vmbo;vrouw;5;5;;;18;MBO-BOL;LBO of vmbo;basisonderwijs;slecht;ja
1231;vmbo;vrouw;4;5;12.0;250.0;17;MBO-BBL;LBO of vmbo;LBO of vmbo;matig;ja
1232;vmbo;vrouw;3;5;24.0;420.0;17;MBO-BOL;MBO;MBO;redelijk;ja
1233;vmbo;vrouw;4;4;38.0;;17;MBO-BOL;havo of vwo;MBO;redelijk;nee, gestopt
1234;vmbo;vrouw;2;2;;;17;MBO-BOL;LBO of vmbo;;goed;ja
1235;vmbo;vrouw;5;5;5.0;300.0;19;MBO-BOL;MBO;HBO of WO;;ja
1236;vmbo;vrouw;6;6;10.0;600.0;17;MBO-BOL;havo of vwo;MBO;goed;ja
1237;vmbo;vrouw;3;4;3.0;56.0;17;MBO-BOL;LBO of vmbo;LBO of vmbo;redelijk;ja
1238;vmbo;vrouw;5;4;;;18;MBO-BOL;MBO;LBO of vmbo;redelijk;ja
1239;vmbo;vrouw;4;3;;;17;MBO-BOL;MBO;MBO;goed;ja
1240;vmbo;vrouw;3;5;10.0;150.0;15;MBO-BOL;HBO of WO;MBO;matig;ja
1241;vmbo;vrouw;3;3;;;17;MBO-BBL;basisonderwijs;basisonderwijs;redelijk;nee, gestopt
1242;vmbo;vrouw;5;5;;;18;MBO-BOL;;;goed;ja
1243;vmbo;man;5;4;28.0;;18;MBO-BOL;LBO of vmbo;LBO of vmbo;goed;ja
1244;vmbo;man;5;5;;;19;MBO-BOL;MBO;MBO;goed;ja
1245;vmbo;vrouw;6;6;;;17;MBO-BOL;havo of vwo;basisonderwijs;goed;ja
1246;vmbo;vrouw;6;5;5.0;4.0;18;MBO-BOL;LBO of vmbo;LBO of vmbo;redelijk;ja
1247;vmbo;vrouw;6;4;;;17;MBO-BOL;HBO of WO;HBO of WO;goed;ja
1248;vmbo;man;6;5;2.0;40.0;19;MBO-BOL;LBO of vmbo;HBO of WO;matig;ja
1249;vmbo;vrouw;4;3;;;17;;havo of vwo;LBO of vmbo;;
1250;vmbo;vrouw;3;5;;;18;MBO-BOL;MBO;MBO;redelijk;ja
1251;vmbo;vrouw;2;3;24.0;493.0;17;MBO-BOL;LBO of vmbo;basisonderwijs;matig;nee, gestopt
1252;vmbo;vrouw;7;6;10.0;155.0;17;MBO-BOL;MBO;havo of vwo;goed;ja
1253;vmbo;vrouw;4;4;10.0;120.0;17;MBO-BOL;havo of vwo;LBO of vmbo;redelijk;ja
1254;vmbo;vrouw;3;3;5.0;100.0;17;MBO-BOL;LBO of vmbo;LBO of vmbo;matig;ja
1255;vmbo;vrouw;6;2;10.0;250.0;17;MBO-BOL;HBO of WO;HBO of WO;goed;ja
1256;vmbo;vrouw;5;5;11.0;300.0;17;MBO-BOL;MBO;HBO of WO;goed;ja
1257;vmbo;vrouw;5;4;16.0;200.0;18;MBO-BOL;LBO of vmbo;MBO;goed;ja
1258;vmbo;vrouw;4;5;;;17;MBO-BOL;MBO;MBO;goed;ja
1259;vmbo;vrouw;5;3;13.0;140.0;17;MBO-BOL;MBO;MBO;goed;ja
1260;vmbo;vrouw;4;5;10.0;227.0;20;MBO-BOL;LBO of vmbo;MBO;matig;ja
1261;vmbo;vrouw;3;3;24.0;400.0;18;MBO-BOL;HBO of WO;HBO of WO;redelijk;nee, gestopt
1262;vmbo;vrouw;;;;;18;MBO-BBL;;;matig;ja
1263;vmbo;vrouw;4;4;8.0;200.0;19;MBO-BBL;MBO;MBO;redelijk;ja
1264;vmbo;vrouw;7;4;;;18;MBO-BOL;MBO;MBO;goed;ja
1265;vmbo;vrouw;5;3;;;17;MBO-BOL;;;goed;ja
1266;vmbo;vrouw;4;4;8.0;;17;MBO-BOL;;LBO of vmbo;goed;nee, gestopt
1267;vmbo;vrouw;1;1;10.0;350.0;17;MBO-BOL;havo of vwo;havo of vwo;slecht;ja
1268;vmbo;vrouw;5;4;;;18;MBO-BOL;LBO of vmbo;;goed;ja
1269;vmbo;vrouw;4;4;10.0;170.0;17;MBO-BOL;LBO of vmbo;LBO of vmbo;matig;ja
1270;vmbo;vrouw;5;4;;;19;MBO-BOL;LBO of vmbo;LBO of vmbo;redelijk;ja
1271;vmbo;vrouw;5;5;24.0;400.0;18;;LBO of vmbo;HBO of WO;;
1272;vmbo;vrouw;5;4;25.0;170.0;17;MBO-BOL;MBO;HBO of WO;goed;ja
1273;vmbo;vrouw;3;5;6.0;175.0;17;MBO-BOL;LBO of vmbo;HBO of WO;redelijk;ja
1274;vmbo;vrouw;4;2;8.0;;17;MBO-BOL;MBO;HBO of WO;goed;ja
1275;vmbo;man;4;3;;;18;MBO-BOL;HBO of WO;LBO of vmbo;goed;ja
1276;vmbo;vrouw;4;3;;;19;MBO-BOL;LBO of vmbo;MBO;goed;ja
1277;vmbo;vrouw;5;3;30.0;85.0;18;MBO-BOL;MBO;MBO;redelijk;ja
1278;vmbo;vrouw;6;4;;;18;MBO-BOL;;;redelijk;ja
1279;vmbo;vrouw;4;4;;;19;MBO-BOL;HBO of WO;LBO of vmbo;goed;ja
1280;vmbo;vrouw;2;3;;;17;MBO-BOL;MBO;MBO;goed;ja
1281;vmbo;vrouw;4;3;12.0;150.0;17;MBO-BOL;HBO of WO;MBO;redelijk;ja
1282;vmbo;vrouw;3;3;8.0;;17;MBO-BOL;LBO of vmbo;LBO of vmbo;matig;ja
1283;vmbo;vrouw;5;1;;;17;MBO-BOL;havo of vwo;LBO of vmbo;redelijk;ja
1284;vmbo;vrouw;4;3;16.0;217.0;18;MBO-BOL;LBO of vmbo;basisonderwijs;goed;nee, gestopt
1285;vmbo;vrouw;5;4;12.0;150.0;17;MBO-BOL;basisonderwijs;MBO;matig;ja
1286;vmbo;vrouw;5;2;10.0;150.0;17;MBO-BOL;HBO of WO;MBO;redelijk;ja
1287;vmbo;vrouw;4;3;10.0;4.0;17;MBO-BOL;LBO of vmbo;havo of vwo;goed;ja
1288;vmbo;vrouw;4;4;8.0;100.0;17;MBO-BOL;MBO;MBO;matig;ja
1289;vmbo;vrouw;;;15.0;145.0;17;;;;;
1290;vmbo;vrouw;5;3;;;17;MBO-BOL;HBO of WO;LBO of vmbo;goed;ja
1291;vmbo;vrouw;6;2;10.0;450.0;17;MBO-BOL;havo of vwo;LBO of vmbo;goed;ja
1292;vmbo;vrouw;7;5;18.0;300.0;18;MBO-BOL;LBO of vmbo;MBO;redelijk;ja
1293;vmbo;vrouw;5;4;8.0;150.0;17;MBO-BOL;LBO of vmbo;MBO;goed;ja
1294;vmbo;vrouw;7;5;24.0;;17;MBO-BBL;MBO;LBO of vmbo;matig;ja
1295;vmbo;vrouw;5;3;6.0;120.0;18;MBO-BOL;HBO of WO;LBO of vmbo;goed;ja
1296;vmbo;vrouw;5;4;7.0;500.0;18;MBO-BOL;MBO;MBO;redelijk;ja
1297;vmbo;vrouw;6;4;7.0;125.0;17;MBO-BOL;LBO of vmbo;MBO;matig;ja
1298;vmbo;vrouw;6;5;4.0;130.0;18;MBO-BOL;MBO;HBO of WO;redelijk;ja
1299;vmbo;vrouw;5;3;16.0;175.0;18;MBO-BOL;MBO;MBO;slecht;ja
1300;vmbo;vrouw;4;4;;;18;MBO-BOL;LBO of vmbo;LBO of vmbo;goed;ja
1301;vmbo;vrouw;4;5;;;17;MBO-BOL;MBO;LBO of vmbo;redelijk;nee, gestopt
1302;vmbo;man;5;5;8.0;;18;MBO-BOL;HBO of WO;MBO;goed;ja
1303;vmbo;man;5;4;6.0;140.0;17;;LBO of vmbo;HBO of WO;;
1304;vmbo;vrouw;4;4;;;17;MBO-BOL;havo of vwo;havo of vwo;goed;ja
1305;vmbo;vrouw;6;2;22.0;400.0;18;geen opleiding, gaan werken;basisonderwijs;basisonderwijs;;
1306;vmbo;vrouw;6;4;;;16;MBO-BOL;basisonderwijs;havo of vwo;redelijk;ja
1307;vmbo;vrouw;3;2;;;19;MBO-BOL;LBO of vmbo;LBO of vmbo;redelijk;ja
1308;vmbo;vrouw;;;;;17;MBO-BOL;;;redelijk;ja
1309;vmbo;vrouw;5;3;5.0;100.0;17;MBO-BOL;LBO of vmbo;LBO of vmbo;goed;ja
1310;vmbo;vrouw;6;6;;;18;MBO-BOL;LBO of vmbo;LBO of vmbo;goed;ja
1311;vmbo;vrouw;2;3;;;17;MBO-BOL;basisonderwijs;basisonderwijs;matig;ja
1312;vmbo;vrouw;5;4;;;17;MBO-BOL;MBO;LBO of vmbo;goed;nee, diploma behaald
1313;vmbo;vrouw;4;4;17.0;135.0;19;MBO-BOL;HBO of WO;MBO;redelijk;ja
1314;vmbo;vrouw;3;4;16.0;;17;MBO-BBL;MBO;LBO of vmbo;redelijk;ja
1315;vmbo;vrouw;4;3;;;18;MBO-BBL;basisonderwijs;MBO;goed;ja
1316;vmbo;vrouw;4;4;20.0;;17;MBO-BOL;MBO;MBO;redelijk;ja
1317;vmbo;vrouw;4;3;;;17;MBO-BOL;havo of vwo;basisonderwijs;redelijk;ja
1318;vmbo;vrouw;4;4;6.0;;17;MBO-BOL;;;redelijk;ja
1319;vmbo;vrouw;5;3;12.0;463.0;18;MBO-BOL;MBO;MBO;goed;ja
1320;vmbo;vrouw;5;5;32.0;630.0;17;MBO-BOL;LBO of vmbo;basisonderwijs;redelijk;nee, gestopt
1321;vmbo;vrouw;2;1;;;17;MBO-BOL;MBO;MBO;matig;ja
1322;vmbo;vrouw;6;5;18.0;;18;MBO-BOL;LBO of vmbo;LBO of vmbo;matig;nee, gestopt
1323;vmbo;vrouw;6;5;;;18;MBO-BOL;LBO of vmbo;MBO;redelijk;ja
1324;vmbo;vrouw;4;4;;;18;MBO-BBL;MBO;LBO of vmbo;redelijk;ja
1325;vmbo;vrouw;4;4;;;18;MBO-BOL;LBO of vmbo;LBO of vmbo;redelijk;ja
1326;vmbo;vrouw;3;3;;;17;MBO-BOL;LBO of vmbo;LBO of vmbo;redelijk;ja
1327;vmbo;vrouw;4;4;8.0;130.0;17;MBO-BOL;MBO;MBO;goed;nee, diploma behaald
1328;vmbo;vrouw;6;5;;;17;MBO-BOL;MBO;LBO of vmbo;goed;ja
1329;vmbo;vrouw;2;2;10.0;125.0;18;MBO-BOL;havo of vwo;basisonderwijs;redelijk;ja
1330;vmbo;vrouw;5;4;7.0;5.0;17;MBO-BOL;LBO of vmbo;LBO of vmbo;redelijk;ja
1331;vmbo;vrouw;4;4;8.0;152.0;19;MBO-BOL;HBO of WO;HBO of WO;redelijk;ja
1332;vmbo;vrouw;4;4;;;17;;MBO;MBO;;
1333;vmbo;vrouw;4;4;;;17;MBO-BOL;basisonderwijs;LBO of vmbo;redelijk;nee, gestopt
1334;vmbo;vrouw;5;3;21.0;350.0;17;MBO-BOL;havo of vwo;havo of vwo;redelijk;ja
1335;vmbo;vrouw;4;3;16.0;150.0;17;MBO-BOL;MBO;MBO;goed;ja
1336;vmbo;vrouw;;;;;18;;;;;
1337;vmbo;vrouw;4;4;;;18;MBO-BOL;LBO of vmbo;basisonderwijs;goed;ja
1338;vmbo;vrouw;1;1;10.0;4.0;18;MBO-BOL;MBO;MBO;redelijk;ja
1339;vmbo;vrouw;3;2;3.0;51.0;18;MBO-BOL;havo of vwo;havo of vwo;redelijk;ja
1340;vmbo;vrouw;3;7;;;18;MBO-BOL;MBO;MBO;redelijk;ja
1341;vmbo;vrouw;6;3;9.0;200.0;17;MBO-BOL;MBO;MBO;redelijk;ja
1342;vmbo;vrouw;5;4;;;17;MBO-BOL;LBO of vmbo;MBO;redelijk;ja
1343;vmbo;vrouw;4;4;6.0;120.0;17;MBO-BOL;MBO;MBO;redelijk;ja
1344;vmbo;vrouw;6;4;;;19;MBO-BOL;;;goed;ja
1345;vmbo;vrouw;1;7;;;18;MBO-BOL;LBO of vmbo;LBO of vmbo;goed;ja
1346;vmbo;vrouw;2;3;15.0;380.0;17;MBO-BBL;LBO of vmbo;LBO of vmbo;goed;ja
1347;vmbo;man;4;4;;;18;;MBO;MBO;;
1348;vmbo;vrouw;4;5;13.0;4.0;16;MBO-BOL;HBO of WO;HBO of WO;goed;ja
1349;vmbo;vrouw;4;4;;;18;MBO-BOL;MBO;MBO;redelijk;ja
1350;vmbo;vrouw;5;4;6.0;200.0;17;MBO-BOL;HBO of WO;havo of vwo;matig;nee, gestopt
1351;vmbo;vrouw;5;5;;;17;MBO-BOL;HBO of WO;MBO;goed;ja
1352;vmbo;man;4;4;;;17;MBO-BOL;MBO;HBO of WO;redelijk;ja
1353;vmbo;man;2;2;8.0;40.0;17;havo;MBO;MBO;goed;ja
1354;vmbo;vrouw;4;4;18.0;250.0;18;MBO-BBL;MBO;MBO;goed;ja
1355;vmbo;vrouw;6;5;52.0;500.0;17;MBO-BOL;LBO of vmbo;havo of vwo;redelijk;ja
1356;vmbo;man;3;2;6.0;40.0;17;MBO-BOL;havo of vwo;HBO of WO;matig;ja
1357;vmbo;vrouw;1;1;12.0;150.0;17;havo;LBO of vmbo;LBO of vmbo;matig;ja
1358;vmbo;vrouw;3;4;;;17;MBO-BOL;HBO of WO;MBO;goed;nee, gestopt
1359;vmbo;man;5;2;;;18;havo;MBO;LBO of vmbo;goed;ja
1360;vmbo;vrouw;5;4;;;17;MBO-BBL;LBO of vmbo;LBO of vmbo;goed;ja
1361;vmbo;vrouw;3;3;4.0;100.0;18;havo;HBO of WO;HBO of WO;redelijk;ja
1362;vmbo;vrouw;4;3;16.0;120.0;17;MBO-BOL;HBO of WO;HBO of WO;redelijk;ja
1363;vmbo;man;3;1;;;18;MBO-BOL;LBO of vmbo;LBO of vmbo;goed;ja
1364;vmbo;man;4;4;;;17;MBO-BOL;HBO of WO;HBO of WO;goed;ja
1365;vmbo;vrouw;6;4;10.0;120.0;16;MBO-BOL;LBO of vmbo;MBO;goed;ja
1366;vmbo;vrouw;5;4;;;18;MBO-BOL;MBO;HBO of WO;goed;ja
1367;vmbo;man;5;2;17.0;180.0;17;MBO-BOL;basisonderwijs;LBO of vmbo;goed;ja
1368;vmbo;vrouw;2;2;12.0;100.0;17;havo;HBO of WO;HBO of WO;matig;ja
1369;vmbo;vrouw;3;3;8.0;200.0;17;MBO-BOL;MBO;HBO of WO;matig;ja
1370;vmbo;vrouw;3;4;8.0;100.0;18;MBO-BBL;LBO of vmbo;LBO of vmbo;goed;ja
1371;vmbo;vrouw;6;6;;;17;havo;LBO of vmbo;havo of vwo;goed;ja
1372;vmbo;man;5;5;;;19;havo;MBO;MBO;redelijk;nee, diploma behaald
1373;vmbo;man;4;4;;;17;MBO-BOL;MBO;HBO of WO;goed;ja
1374;vmbo;man;4;4;;;18;MBO-BOL;MBO;HBO of WO;goed;ja
1375;vmbo;vrouw;3;2;;;17;havo;HBO of WO;HBO of WO;matig;ja
1376;vmbo;vrouw;3;2;;;17;MBO-BOL;MBO;HBO of WO;matig;ja
1377;vmbo;man;6;2;6.0;100.0;17;MBO-BOL;HBO of WO;HBO of WO;goed;ja
1378;vmbo;man;5;4;8.0;400.0;17;MBO-BOL;LBO of vmbo;LBO of vmbo;goed;ja
1379;vmbo;man;;;;;15;;;;;
1380;vmbo;man;4;3;;;18;MBO-BOL;LBO of vmbo;MBO;goed;ja
1381;vmbo;vrouw;6;5;5.0;115.0;17;MBO-BOL;LBO of vmbo;LBO of vmbo;redelijk;ja
1382;vmbo;man;5;3;;;17;MBO-BOL;MBO;MBO;matig;ja
1383;vmbo;vrouw;5;5;5.0;150.0;18;MBO-BOL;MBO;MBO;goed;ja
1384;vmbo;vrouw;3;2;;;17;MBO-BOL;MBO;MBO;goed;ja
1385;vmbo;vrouw;4;4;;;17;havo;HBO of WO;MBO;goed;ja
1386;vmbo;vrouw;5;4;8.0;120.0;17;MBO-BOL;MBO;LBO of vmbo;redelijk;ja
1387;vmbo;vrouw;4;5;;;16;MBO-BOL;LBO of vmbo;LBO of vmbo;redelijk;ja
1388;vmbo;vrouw;6;4;8.0;120.0;18;MBO-BOL;MBO;MBO;matig;ja
1389;vmbo;man;4;3;;;18;MBO-BOL;MBO;havo of vwo;matig;ja
1390;vmbo;man;6;3;2.0;60.0;17;MBO-BOL;MBO;MBO;goed;ja
1391;vmbo;man;5;5;17.0;300.0;17;MBO-BOL;MBO;LBO of vmbo;goed;ja
1392;vmbo;vrouw;4;3;21.0;480.0;17;MBO-BOL;HBO of WO;havo of vwo;goed;ja
1393;vmbo;vrouw;5;4;10.0;170.0;17;MBO-BOL;MBO;basisonderwijs;redelijk;ja
1394;vmbo;man;5;4;7.0;130.0;18;MBO-BBL;LBO of vmbo;LBO of vmbo;redelijk;ja
1395;vmbo;man;6;4;6.0;90.0;17;MBO-BOL;LBO of vmbo;basisonderwijs;matig;ja
1396;vmbo;vrouw;4;4;6.0;140.0;17;MBO-BOL;HBO of WO;MBO;redelijk;ja
1397;vmbo;vrouw;4;3;7.0;160.0;18;havo;HBO of WO;HBO of WO;redelijk;ja
1398;vmbo;vrouw;4;3;15.0;250.0;17;MBO-BOL;havo of vwo;MBO;redelijk;nee, gestopt
1399;vmbo;vrouw;6;5;15.0;250.0;17;MBO-BOL;LBO of vmbo;LBO of vmbo;redelijk;ja
1400;vmbo;vrouw;4;4;;;17;MBO-BOL;MBO;MBO;goed;ja
1401;vmbo;vrouw;4;2;;;17;MBO-BOL;MBO;MBO;redelijk;ja
1402;vmbo;man;2;4;;;17;MBO-BOL;LBO of vmbo;LBO of vmbo;goed;ja
1403;vmbo;man;3;3;;;17;havo;HBO of WO;HBO of WO;matig;ja
1404;vmbo;vrouw;4;5;10.0;130.0;17;MBO-BOL;MBO;MBO;goed;ja
1405;vmbo;vrouw;3;2;5.0;;17;MBO-BOL;LBO of vmbo;LBO of vmbo;goed;ja
1406;vmbo;man;;;;;17;MBO-BOL;;;goed;
1407;vmbo;vrouw;5;5;;;18;havo;MBO;HBO of WO;goed;ja
1408;vmbo;vrouw;6;5;8.0;200.0;20;MBO-BOL;havo of vwo;LBO of vmbo;goed;ja
1409;vmbo;vrouw;5;4;5.0;;17;havo;HBO of WO;HBO of WO;redelijk;ja
1410;vmbo;man;4;3;40.0;250.0;15;MBO-BOL;havo of vwo;HBO of WO;redelijk;ja
1411;vmbo;man;3;3;;;17;MBO-BOL;LBO of vmbo;LBO of vmbo;matig;ja
1412;vmbo;man;5;3;;;17;MBO-BOL;LBO of vmbo;HBO of WO;redelijk;ja
1413;vmbo;vrouw;4;1;;;16;MBO-BOL;MBO;MBO;goed;nee, gestopt
1414;vmbo;vrouw;5;4;6.0;4.0;17;MBO-BOL;MBO;HBO of WO;matig;ja
1415;vmbo;vrouw;4;3;7.0;120.0;17;havo;MBO;HBO of WO;redelijk;ja
1416;vmbo;vrouw;3;3;54.0;400.0;18;havo;HBO of WO;HBO of WO;goed;ja
1417;vmbo;man;7;2;;;17;havo;HBO of WO;HBO of WO;redelijk;ja
1418;vmbo;vrouw;3;4;8.0;160.0;17;MBO-BOL;basisonderwijs;MBO;goed;ja
1419;vmbo;man;4;4;9.0;300.0;18;MBO-BOL;HBO of WO;HBO of WO;redelijk;ja
1420;vmbo;man;4;4;;;17;MBO-BOL;HBO of WO;HBO of WO;redelijk;ja
1421;vmbo;man;5;3;8.0;150.0;18;MBO-BOL;MBO;MBO;matig;ja
1422;vmbo;man;2;4;;;18;MBO-BOL;LBO of vmbo;MBO;matig;ja
1423;vmbo;vrouw;;;10.0;100.0;17;MBO-BOL;;;matig;ja
1424;vmbo;man;;;11.0;250.0;18;MBO-BOL;;;matig;ja
1425;vmbo;man;5;4;;;17;MBO-BOL;MBO;MBO;goed;nee, gestopt
1426;vmbo;man;3;3;15.0;500.0;19;MBO-BOL;HBO of WO;MBO;goed;ja
1427;vmbo;man;4;4;;;17;MBO-BOL;HBO of WO;HBO of WO;redelijk;ja
1428;vmbo;vrouw;6;3;6.0;56.0;18;MBO-BOL;LBO of vmbo;LBO of vmbo;redelijk;ja
1429;vmbo;man;5;5;8.0;140.0;17;MBO-BBL;MBO;HBO of WO;slecht;ja
1430;vmbo;vrouw;6;3;10.0;200.0;17;MBO-BOL;havo of vwo;LBO of vmbo;goed;ja
1431;vmbo;vrouw;5;3;8.0;230.0;18;havo;MBO;HBO of WO;redelijk;ja
1432;vmbo;vrouw;;;15.0;200.0;17;MBO-BOL;MBO;HBO of WO;matig;ja
1433;vmbo;vrouw;6;5;;;17;MBO-BOL;LBO of vmbo;HBO of WO;goed;nee, gestopt
1434;vmbo;vrouw;4;1;6.0;170.0;17;havo;LBO of vmbo;HBO of WO;matig;ja
1435;vmbo;vrouw;3;3;4.0;100.0;17;MBO-BOL;HBO of WO;HBO of WO;redelijk;ja
1436;vmbo;vrouw;4;5;39.0;180.0;17;MBO-BOL;MBO;HBO of WO;goed;ja
1437;vmbo;vrouw;4;4;4.0;60.0;17;MBO-BOL;MBO;MBO;goed;ja
1438;vmbo;man;7;3;;;18;MBO-BOL;basisonderwijs;HBO of WO;goed;ja
1439;vmbo;vrouw;4;4;3.0;50.0;17;havo;MBO;MBO;matig;ja
1440;vmbo;man;4;4;;;17;MBO-BOL;HBO of WO;LBO of vmbo;goed;ja
1441;vmbo;vrouw;6;5;12.0;180.0;17;MBO-BOL;HBO of WO;HBO of WO;redelijk;ja
1442;vmbo;man;4;3;;;17;MBO-BOL;LBO of vmbo;MBO;redelijk;ja
1443;vmbo;vrouw;5;3;8.0;178.0;17;MBO-BOL;MBO;LBO of vmbo;redelijk;ja
1444;vmbo;vrouw;4;4;12.0;272.0;17;MBO-BOL;LBO of vmbo;HBO of WO;matig;nee, gestopt
1445;vmbo;vrouw;4;4;8.0;180.0;17;havo;MBO;HBO of WO;goed;ja
1446;vmbo;man;4;3;;;17;MBO-BOL;HBO of WO;LBO of vmbo;redelijk;ja
1447;vmbo;vrouw;;;9.0;150.0;17;MBO-BBL;;;goed;ja
1448;vmbo;vrouw;4;4;5.0;100.0;17;MBO-BOL;MBO;MBO;matig;ja
1449;vmbo;vrouw;4;4;;;17;MBO-BOL;LBO of vmbo;MBO;redelijk;ja
1450;vmbo;vrouw;5;4;;;18;MBO-BOL;MBO;MBO;slecht;ja
1451;vmbo;man;;;;;18;havo;HBO of WO;HBO of WO;redelijk;ja
1452;vmbo;vrouw;6;1;6.0;50.0;17;havo;HBO of WO;HBO of WO;redelijk;ja
1453;vmbo;vrouw;4;3;32.0;750.0;17;MBO-BBL;HBO of WO;LBO of vmbo;goed;ja
1454;vmbo;man;4;4;38.0;595.0;17;overig;HBO of WO;HBO of WO;;
1455;vmbo;man;5;4;8.0;80.0;17;havo;LBO of vmbo;LBO of vmbo;goed;ja
1456;vmbo;vrouw;5;4;9.0;4.0;17;MBO-BOL;MBO;;goed;ja
1457;vmbo;man;2;2;6.0;120.0;18;MBO-BOL;HBO of WO;MBO;goed;ja
1458;vmbo;man;7;5;;;17;MBO-BOL;MBO;MBO;goed;ja
1459;vmbo;man;6;4;10.0;250.0;18;MBO-BOL;HBO of WO;HBO of WO;redelijk;ja
1460;vmbo;vrouw;5;4;;;17;MBO-BOL;MBO;MBO;goed;ja
1461;vmbo;vrouw;4;2;;;17;MBO-BOL;HBO of WO;MBO;redelijk;ja
1462;vmbo;vrouw;6;4;5.0;75.0;17;MBO-BOL;HBO of WO;HBO of WO;goed;ja
1463;vmbo;vrouw;4;4;9.0;105.0;17;MBO-BOL;MBO;MBO;redelijk;ja
1464;vmbo;vrouw;1;1;;;17;havo;MBO;LBO of vmbo;goed;ja
1465;vmbo;vrouw;3;4;;;17;MBO-BOL;LBO of vmbo;LBO of vmbo;redelijk;ja
1466;vmbo;vrouw;4;5;14.0;250.0;17;MBO-BOL;MBO;MBO;goed;ja
1467;vmbo;vrouw;5;5;;;18;MBO-BOL;MBO;HBO of WO;redelijk;ja
1468;vmbo;vrouw;1;2;;;17;MBO-BOL;havo of vwo;LBO of vmbo;slecht;ja
1469;vmbo;man;2;3;8.0;120.0;17;havo;HBO of WO;MBO;matig;ja
1470;vmbo;vrouw;5;3;;;17;MBO-BOL;MBO;MBO;redelijk;ja
1471;vmbo;man;5;5;;;18;MBO-BOL;HBO of WO;LBO of vmbo;goed;ja
1472;vmbo;man;5;4;;;17;havo;MBO;HBO of WO;redelijk;ja
1473;vmbo;vrouw;5;3;10.0;100.0;16;MBO-BOL;MBO;MBO;goed;ja
1474;vmbo;man;5;2;;;17;MBO-BOL;HBO of WO;MBO;redelijk;ja
1475;vmbo;vrouw;4;4;;;17;MBO-BOL;;;redelijk;ja
1476;vmbo;vrouw;3;2;;;17;havo;MBO;MBO;redelijk;ja
1477;vmbo;man;3;3;;;18;MBO-BOL;LBO of vmbo;LBO of vmbo;redelijk;ja
1478;vmbo;vrouw;5;4;;;17;MBO-BOL;MBO;MBO;matig;ja
1479;vmbo;man;3;3;15.0;400.0;18;MBO-BOL;MBO;MBO;matig;ja
1480;vmbo;vrouw;4;3;7.0;150.0;17;havo;havo of vwo;MBO;goed;ja
1481;vmbo;vrouw;4;3;;;18;havo;havo of vwo;havo of vwo;redelijk;ja
1482;vmbo;man;2;3;30.0;400.0;18;MBO-BOL;LBO of vmbo;LBO of vmbo;goed;ja
1483;vmbo;vrouw;4;3;;;17;MBO-BBL;havo of vwo;HBO of WO;goed;ja
1484;vmbo;vrouw;2;6;8.0;130.0;17;MBO-BOL;LBO of vmbo;LBO of vmbo;redelijk;ja
1485;vmbo;vrouw;4;4;12.0;300.0;18;geen opleiding, gaan werken;LBO of vmbo;LBO of vmbo;;
1486;vmbo;man;3;1;;;17;MBO-BOL;MBO;MBO;redelijk;ja
1487;vmbo;man;4;2;8.0;150.0;17;MBO-BOL;MBO;MBO;redelijk;ja
1488;vmbo;man;5;4;;;17;MBO-BBL;MBO;MBO;goed;ja
1489;vmbo;vrouw;6;6;8.0;300.0;18;MBO-BOL;HBO of WO;MBO;goed;ja
1490;vmbo;vrouw;6;4;6.0;200.0;17;havo;MBO;MBO;redelijk;ja
1491;vmbo;vrouw;1;3;;;18;MBO-BOL;HBO of WO;HBO of WO;matig;ja
1492;vmbo;man;5;3;;;18;havo;LBO of vmbo;LBO of vmbo;matig;ja
1493;vmbo;man;4;4;;;18;MBO-BOL;MBO;HBO of WO;goed;ja
1494;vmbo;vrouw;6;4;18.0;600.0;17;MBO-BOL;MBO;HBO of WO;goed;ja
1495;vmbo;man;6;4;10.0;250.0;17;MBO-BOL;LBO of vmbo;LBO of vmbo;matig;ja
1496;vmbo;vrouw;3;4;;;18;MBO-BOL;HBO of WO;HBO of WO;goed;ja
1497;vmbo;vrouw;6;4;;;19;MBO-BOL;LBO of vmbo;MBO;matig;ja
1498;vmbo;man;4;4;;;17;MBO-BOL;MBO;MBO;goed;ja
1499;vmbo;vrouw;6;4;;;16;MBO-BOL;MBO;MBO;goed;ja
1500;vmbo;man;;;;;17;MBO-BOL;;;;
1501;vmbo;man;2;3;;;17;havo;;LBO of vmbo;redelijk;ja
1502;vmbo;man;5;2;;;17;havo;HBO of WO;MBO;goed;ja
1503;vmbo;man;4;5;8.0;90.0;18;MBO-BOL;havo of vwo;havo of vwo;redelijk;ja
1504;vmbo;vrouw;5;4;;;17;MBO-BOL;MBO;MBO;goed;ja
1505;vmbo;vrouw;4;4;8.0;160.0;17;havo;havo of vwo;LBO of vmbo;slecht;nee, gestopt
1506;vmbo;man;5;4;3.0;80.0;18;MBO-BOL;LBO of vmbo;LBO of vmbo;redelijk;ja
1507;vmbo;man;7;2;10.0;250.0;17;MBO-BOL;LBO of vmbo;LBO of vmbo;redelijk;nee, gestopt
1508;vmbo;vrouw;3;4;7.0;150.0;17;MBO-BOL;HBO of WO;HBO of WO;redelijk;ja
1509;vmbo;vrouw;2;2;8.0;4.0;17;MBO-BOL;havo of vwo;MBO;matig;ja
1510;vmbo;vrouw;4;4;15.0;400.0;18;MBO-BOL;havo of vwo;LBO of vmbo;redelijk;ja
1511;vmbo;man;2;1;10.0;200.0;17;havo;;;redelijk;ja
1512;vmbo;vrouw;5;4;13.0;300.0;17;MBO-BOL;MBO;MBO;redelijk;ja
1513;vmbo;vrouw;3;4;;;17;MBO-BOL;LBO of vmbo;havo of vwo;redelijk;ja
1514;vmbo;man;4;4;;;18;MBO-BOL;LBO of vmbo;basisonderwijs;redelijk;ja
1515;vmbo;vrouw;5;1;12.0;200.0;18;MBO-BOL;HBO of WO;MBO;goed;ja
1516;vmbo;vrouw;5;4;4.0;;17;MBO-BOL;HBO of WO;MBO;goed;ja
1517;vmbo;vrouw;4;4;;;17;MBO-BOL;HBO of WO;HBO of WO;slecht;ja
1518;vmbo;vrouw;6;4;15.0;200.0;17;MBO-BOL;MBO;MBO;goed;ja
1519;vmbo;man;6;2;40.0;360.0;16;MBO-BOL;HBO of WO;HBO of WO;goed;ja
1520;vmbo;vrouw;4;5;;;17;MBO-BOL;havo of vwo;MBO;matig;ja
1521;vmbo;vrouw;4;4;;;17;MBO-BOL;MBO;MBO;goed;ja
1522;vmbo;vrouw;4;4;12.0;;17;MBO-BOL;LBO of vmbo;HBO of WO;matig;ja
1523;vmbo;man;2;5;3.0;70.0;17;MBO-BOL;MBO;MBO;redelijk;ja
1524;vmbo;vrouw;4;3;;;18;MBO-BOL;MBO;LBO of vmbo;goed;nee, gestopt
1525;vmbo;man;7;6;13.0;350.0;18;MBO-BOL;basisonderwijs;LBO of vmbo;redelijk;ja
1526;vmbo;vrouw;5;5;;;18;MBO-BOL;HBO of WO;HBO of WO;matig;ja
1527;vmbo;man;3;4;8.0;115.0;17;MBO-BOL;MBO;HBO of WO;matig;ja
1528;vmbo;man;4;4;;;17;MBO-BOL;HBO of WO;MBO;goed;ja
1529;vmbo;vrouw;4;4;2.0;90.0;17;MBO-BOL;MBO;MBO;redelijk;ja
1530;vmbo;man;4;3;8.0;140.0;18;MBO-BOL;HBO of WO;havo of vwo;;ja
1531;vmbo;vrouw;5;4;8.0;180.0;17;MBO-BOL;MBO;HBO of WO;redelijk;ja
1532;vmbo;man;4;4;8.0;140.0;18;MBO-BOL;MBO;MBO;redelijk;ja
1533;vmbo;vrouw;4;4;;;17;MBO-BOL;MBO;;matig;ja
1534;vmbo;man;4;3;5.0;100.0;17;MBO-BOL;MBO;MBO;goed;ja
1535;vmbo;vrouw;3;4;8.0;180.0;17;havo;MBO;MBO;goed;ja
1536;vmbo;vrouw;5;4;7.0;150.0;18;MBO-BOL;HBO of WO;HBO of WO;redelijk;ja
1537;vmbo;vrouw;5;4;4.0;180.0;17;MBO-BOL;MBO;MBO;goed;ja
1538;vmbo;vrouw;5;5;21.0;346.0;17;MBO-BBL;basisonderwijs;LBO of vmbo;goed;ja
1539;vmbo;vrouw;6;4;6.0;;18;MBO-BOL;MBO;HBO of WO;goed;ja
1540;vmbo;man;3;3;;;17;overig;LBO of vmbo;HBO of WO;;
1541;vmbo;man;6;4;2.0;25.0;17;MBO-BOL;HBO of WO;HBO of WO;redelijk;ja
1542;vmbo;vrouw;6;3;6.0;;17;MBO-BOL;MBO;MBO;goed;ja
1543;vmbo;vrouw;3;1;15.0;200.0;17;MBO-BOL;LBO of vmbo;MBO;goed;ja
1544;vmbo;man;5;3;15.0;550.0;18;MBO-BOL;MBO;HBO of WO;goed;ja
1545;vmbo;man;3;3;7.0;100.0;17;havo;HBO of WO;HBO of WO;redelijk;ja
1546;vmbo;man;4;3;;;17;MBO-BOL;LBO of vmbo;LBO of vmbo;redelijk;ja
1547;vmbo;man;2;4;20.0;500.0;18;MBO-BOL;MBO;HBO of WO;matig;ja
1548;vmbo;vrouw;4;4;;;17;MBO-BOL;LBO of vmbo;LBO of vmbo;goed;ja
1549;vmbo;man;5;2;9.0;240.0;17;MBO-BOL;MBO;HBO of WO;matig;ja
1550;vmbo;man;5;5;10.0;250.0;18;MBO-BOL;HBO of WO;MBO;redelijk;ja
1551;vmbo;man;4;3;15.0;250.0;17;MBO-BOL;MBO;HBO of WO;goed;ja
1552;vmbo;vrouw;4;4;;;17;MBO-BOL;LBO of vmbo;LBO of vmbo;redelijk;ja
1553;vmbo;vrouw;4;4;;;17;havo;basisonderwijs;havo of vwo;redelijk;ja
1554;vmbo;man;5;4;5.0;100.0;17;MBO-BOL;MBO;MBO;goed;ja
1555;vmbo;vrouw;4;4;4.0;;17;MBO-BOL;HBO of WO;HBO of WO;redelijk;ja
1556;vmbo;man;4;4;32.0;600.0;19;MBO-BBL;MBO;HBO of WO;redelijk;ja
1557;vmbo;vrouw;3;4;;;17;MBO-BOL;basisonderwijs;basisonderwijs;goed;ja
1558;vmbo;vrouw;6;4;3.0;4.0;17;MBO-BOL;HBO of WO;MBO;goed;ja
1559;vmbo;vrouw;;;6.0;;17;MBO-BOL;;;goed;ja
1560;vmbo;man;3;2;;;17;MBO-BOL;LBO of vmbo;LBO of vmbo;matig;ja
1561;vmbo;man;5;3;;;17;MBO-BOL;HBO of WO;HBO of WO;matig;nee, gestopt
1562;vmbo;vrouw;4;4;;;17;MBO-BBL;MBO;basisonderwijs;goed;ja
1563;vmbo;vrouw;2;3;3.0;40.0;18;havo;HBO of WO;HBO of WO;redelijk;ja
1564;vmbo;vrouw;5;4;;;17;MBO-BOL;havo of vwo;MBO;goed;ja
1565;vmbo;vrouw;2;2;9.0;180.0;18;MBO-BOL;MBO;HBO of WO;redelijk;ja
1566;vmbo;man;4;2;9.0;200.0;15;MBO-BOL;LBO of vmbo;HBO of WO;redelijk;ja
1567;vmbo;vrouw;4;5;8.0;180.0;18;MBO-BOL;MBO;LBO of vmbo;redelijk;ja
1568;vmbo;vrouw;4;4;6.0;200.0;17;MBO-BOL;LBO of vmbo;LBO of vmbo;goed;ja
1569;vmbo;vrouw;4;4;9.0;150.0;17;MBO-BOL;LBO of vmbo;MBO;goed;ja
1570;vmbo;man;6;4;;;17;MBO-BOL;LBO of vmbo;LBO of vmbo;redelijk;ja
1571;vmbo;vrouw;5;4;;;17;MBO-BOL;LBO of vmbo;LBO of vmbo;goed;ja
1572;vmbo;vrouw;5;4;32.0;300.0;17;MBO-BBL;MBO;HBO of WO;goed;
1573;vmbo;vrouw;4;3;;;17;MBO-BOL;havo of vwo;HBO of WO;redelijk;ja
1574;vmbo;man;4;2;8.0;100.0;17;havo;HBO of WO;MBO;redelijk;ja
1575;vmbo;vrouw;1;3;6.0;200.0;17;havo;HBO of WO;HBO of WO;goed;ja
1576;vmbo;vrouw;5;4;;;17;MBO-BOL;MBO;HBO of WO;redelijk;ja
1577;vmbo;man;3;4;15.0;420.0;17;MBO-BOL;MBO;HBO of WO;goed;ja
1578;vmbo;vrouw;4;2;6.0;150.0;17;havo;HBO of WO;basisonderwijs;redelijk;ja
1579;vmbo;man;5;4;;;17;MBO-BOL;MBO;MBO;redelijk;ja
1580;vmbo;man;5;6;7.0;200.0;18;MBO-BOL;MBO;HBO of WO;redelijk;ja
1581;vmbo;man;6;4;;;17;MBO-BOL;MBO;HBO of WO;goed;ja
1582;vmbo;vrouw;4;3;9.0;200.0;18;MBO-BOL;MBO;HBO of WO;goed;ja
1583;vmbo;vrouw;3;1;;;18;MBO-BOL;HBO of WO;MBO;redelijk;ja
1584;vmbo;vrouw;4;5;6.0;200.0;17;MBO-BOL;MBO;MBO;matig;ja
1585;vmbo;vrouw;4;4;6.0;96.0;17;havo;MBO;MBO;slecht;ja
1586;vmbo;man;4;6;;;17;MBO-BOL;;;redelijk;ja
1587;vmbo;vrouw;3;4;6.0;120.0;18;MBO-BOL;havo of vwo;havo of vwo;redelijk;ja
1588;vmbo;vrouw;3;1;;;17;MBO-BOL;HBO of WO;LBO of vmbo;goed;nee, gestopt
1589;vmbo;man;2;2;;;17;havo;HBO of WO;LBO of vmbo;redelijk;ja
1590;vmbo;vrouw;5;4;;;18;MBO-BOL;MBO;MBO;redelijk;ja
1591;vmbo;vrouw;4;5;;;18;MBO-BOL;MBO;HBO of WO;goed;ja
1592;vmbo;vrouw;4;5;;;18;MBO-BOL;;;redelijk;ja
1593;vmbo;man;4;4;30.0;422.0;17;MBO-BBL;MBO;LBO of vmbo;redelijk;ja
1594;vmbo;man;5;4;;;18;MBO-BOL;havo of vwo;HBO of WO;matig;ja
1595;vmbo;vrouw;2;3;;;18;geen opleiding, gaan werken;LBO of vmbo;LBO of vmbo;;
1596;vmbo;man;4;5;4.0;80.0;17;MBO-BOL;HBO of WO;LBO of vmbo;slecht;ja
1597;vmbo;man;3;2;20.0;400.0;19;geen opleiding, gaan werken;MBO;HBO of WO;;
1598;vmbo;vrouw;5;5;32.0;550.0;18;MBO-BBL;LBO of vmbo;HBO of WO;matig;ja
1599;vmbo;man;1;2;5.0;140.0;17;havo;HBO of WO;HBO of WO;slecht;ja
1600;vmbo;vrouw;3;3;12.0;400.0;17;MBO-BOL;LBO of vmbo;LBO of vmbo;redelijk;ja
1601;vmbo;vrouw;4;4;4.0;90.0;19;MBO-BOL;MBO;HBO of WO;matig;ja
1602;vmbo;man;3;4;30.0;500.0;18;MBO-BOL;LBO of vmbo;LBO of vmbo;slecht;ja
1603;vmbo;man;;;;;17;havo;HBO of WO;HBO of WO;;ja
1604;vmbo;vrouw;3;2;5.0;100.0;17;havo;MBO;HBO of WO;redelijk;ja
1605;vmbo;vrouw;4;4;12.0;;17;havo;MBO;LBO of vmbo;slecht;ja
1606;vmbo;vrouw;3;4;;;17;MBO-BOL;MBO;HBO of WO;matig;ja
1607;vmbo;man;4;4;;;17;MBO-BOL;MBO;HBO of WO;goed;ja
1608;vmbo;vrouw;2;2;40.0;380.0;17;MBO-BBL;MBO;MBO;matig;ja
1609;vmbo;vrouw;;;4.0;50.0;17;havo;;;goed;ja
1610;vmbo;man;5;4;4.0;20.0;17;MBO-BOL;LBO of vmbo;MBO;redelijk;ja
1611;vmbo;man;6;5;;;18;MBO-BOL;LBO of vmbo;LBO of vmbo;goed;ja
1612;vmbo;vrouw;3;3;;;17;MBO-BOL;LBO of vmbo;LBO of vmbo;redelijk;ja
1613;vmbo;vrouw;7;4;10.0;200.0;17;MBO-BOL;HBO of WO;MBO;goed;ja
1614;vmbo;vrouw;4;3;7.0;175.0;17;havo;HBO of WO;MBO;matig;ja
1615;vmbo;vrouw;5;3;32.0;;19;MBO-BBL;LBO of vmbo;basisonderwijs;redelijk;ja
1616;vmbo;man;6;4;8.0;160.0;17;MBO-BOL;HBO of WO;MBO;goed;ja
1617;vmbo;man;4;3;;;17;havo;HBO of WO;HBO of WO;matig;ja
1618;vmbo;man;5;4;9.0;120.0;18;MBO-BOL;MBO;LBO of vmbo;redelijk;ja
1619;vmbo;man;7;1;;;17;MBO-BOL;LBO of vmbo;LBO of vmbo;goed;ja
1620;vmbo;man;4;4;;;17;MBO-BOL;havo of vwo;LBO of vmbo;matig;ja
1621;vmbo;vrouw;4;4;;;18;MBO-BOL;MBO;MBO;goed;ja
1622;vmbo;vrouw;1;1;12.0;250.0;18;MBO-BOL;MBO;LBO of vmbo;goed;ja
1623;vmbo;vrouw;1;1;12.0;;17;MBO-BOL;havo of vwo;havo of vwo;slecht;ja
1624;vmbo;vrouw;5;2;6.0;150.0;18;MBO-BOL;LBO of vmbo;LBO of vmbo;goed;ja
1625;vmbo;vrouw;4;4;5.0;100.0;18;MBO-BOL;LBO of vmbo;LBO of vmbo;redelijk;ja
1626;vmbo;man;6;4;;;18;MBO-BOL;LBO of vmbo;LBO of vmbo;redelijk;ja
1627;vmbo;man;5;4;15.0;250.0;17;MBO-BOL;MBO;MBO;matig;ja
1628;vmbo;vrouw;3;2;;;17;havo;MBO;HBO of WO;redelijk;ja
1629;vmbo;man;4;3;5.0;120.0;17;MBO-BOL;HBO of WO;MBO;goed;ja
1630;vmbo;man;5;6;11.0;;17;MBO-BOL;MBO;MBO;redelijk;ja
1631;vmbo;vrouw;5;4;;;17;MBO-BOL;MBO;HBO of WO;goed;ja
1632;vmbo;vrouw;5;3;5.0;70.0;17;havo;HBO of WO;MBO;redelijk;ja
1633;vmbo;man;3;4;7.0;150.0;17;MBO-BBL;LBO of vmbo;MBO;matig;nee, gestopt
1634;vmbo;vrouw;5;5;;;17;MBO-BOL;MBO;LBO of vmbo;goed;ja
1635;vmbo;vrouw;4;4;32.0;600.0;17;MBO-BBL;LBO of vmbo;MBO;redelijk;ja
1636;vmbo;man;6;4;;;18;MBO-BOL;MBO;HBO of WO;goed;ja
1637;vmbo;vrouw;4;4;6.0;120.0;18;MBO-BOL;HBO of WO;HBO of WO;matig;ja
1638;vmbo;vrouw;5;3;12.0;180.0;17;MBO-BOL;LBO of vmbo;HBO of WO;redelijk;ja
1639;vmbo;vrouw;6;4;;;17;MBO-BOL;MBO;MBO;goed;ja
1640;vmbo;man;4;5;6.0;100.0;17;MBO-BOL;MBO;MBO;matig;ja
1641;vmbo;man;;;;;18;MBO-BOL;MBO;MBO;redelijk;ja
1642;vmbo;vrouw;2;4;;;17;MBO-BOL;HBO of WO;MBO;redelijk;ja
1643;vmbo;man;;;;;14;;;;;
1644;vmbo;man;3;2;6.0;150.0;17;havo;havo of vwo;LBO of vmbo;goed;ja
1645;vmbo;vrouw;4;2;6.0;150.0;17;MBO-BOL;HBO of WO;HBO of WO;redelijk;ja
1646;vmbo;vrouw;4;4;;;17;MBO-BOL;MBO;MBO;redelijk;ja
1647;vmbo;vrouw;6;5;9.0;;17;MBO-BOL;MBO;HBO of WO;matig;ja
1648;vmbo;man;2;4;15.0;;17;MBO-BOL;havo of vwo;MBO;redelijk;ja
1649;vmbo;man;4;5;4.0;90.0;18;MBO-BOL;havo of vwo;MBO;goed;ja
1650;vmbo;vrouw;5;3;;;17;havo;HBO of WO;LBO of vmbo;redelijk;ja
1651;vmbo;vrouw;5;4;;;19;MBO-BOL;HBO of WO;HBO of WO;goed;ja
1652;vmbo;man;4;4;6.0;110.0;17;MBO-BOL;MBO;HBO of WO;matig;nee, diploma behaald
1653;vmbo;man;6;6;14.0;300.0;17;MBO-BOL;havo of vwo;MBO;goed;ja
1654;vmbo;vrouw;4;4;;;18;MBO-BOL;HBO of WO;MBO;redelijk;nee, gestopt
1655;vmbo;vrouw;6;2;10.0;200.0;18;MBO-BOL;HBO of WO;HBO of WO;goed;ja
1656;vmbo;vrouw;5;4;;;17;havo;basisonderwijs;basisonderwijs;redelijk;ja
1657;vmbo;man;4;4;;;18;havo;MBO;MBO;matig;ja
1658;vmbo;vrouw;5;4;12.0;400.0;17;MBO-BOL;LBO of vmbo;MBO;redelijk;nee, gestopt
1659;vmbo;man;3;4;;;18;;MBO;MBO;;
1660;vmbo;man;3;2;;;18;havo;LBO of vmbo;LBO of vmbo;goed;ja
1661;vmbo;man;1;4;20.0;240.0;17;MBO-BOL;LBO of vmbo;LBO of vmbo;redelijk;ja
1662;vmbo;man;5;5;40.0;250.0;17;MBO-BOL;HBO of WO;HBO of WO;goed;ja
1663;vmbo;man;3;6;;;18;MBO-BOL;HBO of WO;HBO of WO;matig;ja
1664;vmbo;vrouw;4;5;;28.0;18;MBO-BOL;MBO;MBO;matig;ja
1665;vmbo;vrouw;5;3;12.0;200.0;17;havo;MBO;MBO;matig;ja
1666;vmbo;vrouw;4;3;3.0;182.0;18;havo;LBO of vmbo;LBO of vmbo;redelijk;ja
1667;vmbo;vrouw;5;4;32.0;270.0;17;MBO-BOL;HBO of WO;LBO of vmbo;goed;ja
1668;vmbo;man;4;2;11.0;180.0;17;MBO-BOL;HBO of WO;HBO of WO;redelijk;ja
1669;vmbo;man;5;3;13.0;140.0;19;MBO-BOL;MBO;MBO;goed;ja
1670;vmbo;vrouw;2;3;12.0;200.0;17;MBO-BOL;HBO of WO;basisonderwijs;matig;ja
1671;vmbo;man;6;5;12.0;260.0;18;MBO-BOL;havo of vwo;basisonderwijs;redelijk;ja
1672;vmbo;man;5;5;;;19;MBO-BOL;;;redelijk;ja
1673;vmbo;man;5;5;35.0;600.0;18;MBO-BOL;havo of vwo;LBO of vmbo;redelijk;nee, gestopt
1674;vmbo;man;4;4;;;18;MBO-BOL;HBO of WO;HBO of WO;goed;ja
1675;vmbo;vrouw;5;4;;;17;havo;havo of vwo;LBO of vmbo;goed;ja
1676;vmbo;man;6;5;;;18;MBO-BOL;LBO of vmbo;havo of vwo;goed;ja
1677;vmbo;man;4;1;7.0;150.0;17;havo;HBO of WO;LBO of vmbo;goed;ja
1678;vmbo;vrouw;4;5;;;17;MBO-BOL;MBO;HBO of WO;matig;ja
1679;vmbo;vrouw;4;3;;;17;MBO-BOL;MBO;MBO;redelijk;ja
1680;vmbo;vrouw;;;;;17;havo;LBO of vmbo;HBO of WO;goed;ja
1681;vmbo;vrouw;5;4;;;17;MBO-BOL;LBO of vmbo;LBO of vmbo;redelijk;ja
1682;vmbo;vrouw;2;5;12.0;200.0;17;MBO-BOL;HBO of WO;LBO of vmbo;matig;ja
1683;vmbo;vrouw;2;5;6.0;100.0;17;MBO-BOL;MBO;MBO;matig;ja
1684;vmbo;man;4;3;10.0;320.0;18;MBO-BOL;;;matig;ja
1685;vmbo;vrouw;1;2;;;17;havo;HBO of WO;HBO of WO;goed;ja
1686;vmbo;man;7;6;20.0;240.0;18;havo;MBO;;slecht;nee, gestopt
1687;vmbo;vrouw;6;3;10.0;130.0;17;;HBO of WO;MBO;;
1688;vmbo;vrouw;5;4;;;17;havo;HBO of WO;HBO of WO;goed;ja
1689;vmbo;man;4;4;6.0;200.0;17;MBO-BOL;HBO of WO;HBO of WO;goed;ja
1690;vmbo;vrouw;5;4;4.0;80.0;17;MBO-BOL;HBO of WO;HBO of WO;matig;ja
1691;vmbo;man;5;4;;;17;MBO-BOL;basisonderwijs;basisonderwijs;redelijk;ja
1692;vmbo;vrouw;;4;;;17;MBO-BOL;MBO;MBO;redelijk;ja
1693;vmbo;man;4;4;12.0;300.0;17;MBO-BOL;MBO;MBO;goed;ja
1694;vmbo;vrouw;4;4;;;17;MBO-BOL;havo of vwo;havo of vwo;goed;ja
1695;vmbo;man;3;2;9.0;160.0;17;MBO-BOL;MBO;HBO of WO;;ja
1696;vmbo;vrouw;4;3;;;17;havo;MBO;HBO of WO;goed;ja
1697;vmbo;vrouw;;;8.0;107.0;17;MBO-BOL;MBO;HBO of WO;redelijk;ja
1698;vmbo;vrouw;4;6;5.0;90.0;17;MBO-BOL;MBO;MBO;redelijk;ja
1699;vmbo;vrouw;3;3;;;18;MBO-BOL;HBO of WO;HBO of WO;redelijk;ja
1700;vmbo;vrouw;5;4;;;17;MBO-BOL;HBO of WO;HBO of WO;redelijk;ja
1701;vmbo;vrouw;4;2;;;16;MBO-BOL;MBO;HBO of WO;matig;ja
1702;vmbo;vrouw;4;3;4.0;120.0;18;MBO-BOL;MBO;HBO of WO;redelijk;ja
1703;vmbo;vrouw;5;4;6.0;;17;MBO-BOL;LBO of vmbo;MBO;matig;ja
1704;vmbo;man;3;2;10.0;180.0;18;havo;HBO of WO;MBO;goed;ja
1705;vmbo;vrouw;3;4;8.0;120.0;18;MBO-BOL;HBO of WO;MBO;slecht;nee, gestopt
1706;vmbo;vrouw;2;4;;;18;MBO-BOL;HBO of WO;LBO of vmbo;redelijk;ja
1707;vmbo;man;5;6;12.0;78.0;17;MBO-BOL;MBO;MBO;redelijk;ja
1708;vmbo;vrouw;5;4;;;18;MBO-BOL;MBO;basisonderwijs;redelijk;ja
1709;vmbo;man;5;4;;;18;MBO-BOL;;havo of vwo;goed;ja
1710;vmbo;man;4;4;;;18;havo;HBO of WO;HBO of WO;redelijk;ja
1711;vmbo;man;5;4;;;18;MBO-BOL;MBO;HBO of WO;goed;ja
1712;vmbo;vrouw;5;3;8.0;100.0;18;MBO-BOL;HBO of WO;MBO;slecht;ja
1713;vmbo;vrouw;4;3;;;17;MBO-BOL;MBO;basisonderwijs;matig;ja
1714;vmbo;man;;;;;17;;;;;
1715;vmbo;vrouw;6;3;;;18;;HBO of WO;HBO of WO;;
1716;vmbo;man;1;2;7.0;120.0;17;;HBO of WO;HBO of WO;;
1717;vmbo;vrouw;5;3;;;17;MBO-BOL;MBO;LBO of vmbo;goed;ja
1718;vmbo;man;2;2;;;17;havo;MBO;HBO of WO;matig;ja
1719;vmbo;man;4;4;10.0;180.0;17;MBO-BOL;LBO of vmbo;MBO;matig;ja
1720;vmbo;vrouw;6;6;11.0;290.0;18;MBO-BOL;MBO;MBO;goed;ja
1721;vmbo;vrouw;4;4;6.0;95.0;17;MBO-BOL;MBO;MBO;redelijk;ja
1722;vmbo;vrouw;4;4;12.0;200.0;18;MBO-BBL;MBO;LBO of vmbo;redelijk;ja
1723;vmbo;vrouw;5;;;;17;havo;LBO of vmbo;LBO of vmbo;;ja
1724;vmbo;vrouw;5;4;;;18;MBO-BBL;HBO of WO;HBO of WO;redelijk;ja
1725;vmbo;man;5;4;32.0;750.0;18;MBO-BBL;MBO;LBO of vmbo;redelijk;ja
1726;vmbo;vrouw;4;3;;;18;MBO-BOL;MBO;LBO of vmbo;redelijk;ja
1727;vmbo;man;5;4;;;18;MBO-BOL;MBO;LBO of vmbo;goed;ja
1728;vmbo;vrouw;4;3;9.0;300.0;18;havo;HBO of WO;MBO;goed;ja
1729;vmbo;vrouw;5;2;12.0;120.0;17;MBO-BOL;MBO;MBO;matig;ja
1730;vmbo;vrouw;5;4;;;17;MBO-BOL;MBO;HBO of WO;goed;ja
1731;vmbo;vrouw;4;5;;;17;MBO-BOL;MBO;HBO of WO;redelijk;ja
1732;vmbo;vrouw;5;5;30.0;500.0;19;MBO-BBL;basisonderwijs;basisonderwijs;goed;ja
1733;vmbo;man;2;4;38.0;1000.0;18;MBO-BOL;havo of vwo;MBO;goed;ja
1734;vmbo;vrouw;4;2;;;18;havo;HBO of WO;HBO of WO;goed;ja
1735;vmbo;vrouw;5;4;10.0;200.0;17;MBO-BOL;HBO of WO;MBO;redelijk;nee, gestopt
1736;vmbo;man;5;4;4.0;;18;MBO-BBL;MBO;MBO;goed;ja
1737;vmbo;man;5;4;4.0;22.0;17;havo;MBO;havo of vwo;goed;ja
1738;vmbo;vrouw;5;4;8.0;150.0;17;MBO-BOL;LBO of vmbo;LBO of vmbo;goed;ja
1739;vmbo;man;5;2;32.0;170.0;17;MBO-BOL;MBO;basisonderwijs;;ja
1740;vmbo;vrouw;5;2;20.0;400.0;18;MBO-BOL;basisonderwijs;basisonderwijs;redelijk;ja
1741;vmbo;man;4;3;;;18;MBO-BOL;MBO;MBO;goed;ja
1742;vmbo;vrouw;3;4;;;17;MBO-BOL;MBO;MBO;redelijk;ja
1743;vmbo;man;6;5;;;17;MBO-BOL;HBO of WO;HBO of WO;matig;ja
1744;vmbo;vrouw;6;3;5.0;120.0;17;MBO-BOL;MBO;basisonderwijs;goed;ja
1745;vmbo;vrouw;4;3;;;17;MBO-BOL;MBO;HBO of WO;goed;ja
1746;vmbo;man;6;2;12.0;300.0;17;MBO-BOL;MBO;MBO;matig;ja
1747;vmbo;vrouw;4;5;;;18;MBO-BOL;MBO;HBO of WO;goed;ja
1748;vmbo;vrouw;5;4;12.0;300.0;18;MBO-BOL;havo of vwo;MBO;redelijk;ja
1749;vmbo;man;3;3;;;17;MBO-BOL;LBO of vmbo;LBO of vmbo;redelijk;ja
1750;vmbo;vrouw;3;3;;;17;MBO-BOL;LBO of vmbo;LBO of vmbo;redelijk;ja
1751;vmbo;man;;;;;17;MBO-BOL;;;;
1752;vmbo;vrouw;6;6;5.0;80.0;17;MBO-BOL;HBO of WO;MBO;goed;ja
1753;vmbo;man;5;5;;;17;MBO-BOL;LBO of vmbo;HBO of WO;matig;ja
1754;vmbo;vrouw;6;5;9.0;100.0;17;MBO-BOL;MBO;LBO of vmbo;goed;ja
1755;vmbo;vrouw;;4;9.0;;17;MBO-BOL;MBO;LBO of vmbo;;ja
1756;vmbo;man;5;5;5.0;180.0;18;MBO-BOL;MBO;MBO;redelijk;ja
1757;vmbo;vrouw;5;2;12.0;180.0;17;MBO-BOL;havo of vwo;HBO of WO;goed;ja
1758;vmbo;man;4;4;;;18;MBO-BOL;MBO;MBO;redelijk;ja
1759;vmbo;vrouw;5;4;;;17;MBO-BOL;HBO of WO;MBO;redelijk;ja
1760;vmbo;vrouw;2;3;9.0;150.0;19;MBO-BOL;;;redelijk;ja
1761;vmbo;vrouw;4;4;10.0;225.0;17;MBO-BOL;havo of vwo;HBO of WO;goed;ja
1762;vmbo;vrouw;5;4;8.0;250.0;17;MBO-BOL;MBO;HBO of WO;redelijk;ja
1763;vmbo;vrouw;2;3;;;16;havo;HBO of WO;MBO;goed;ja
1764;vmbo;vrouw;4;3;;;18;havo;HBO of WO;HBO of WO;goed;ja
1765;vmbo;vrouw;5;4;28.0;1000.0;18;MBO-BBL;MBO;havo of vwo;goed;ja
1766;vmbo;vrouw;5;3;;;17;MBO-BOL;LBO of vmbo;LBO of vmbo;matig;ja
1767;vmbo;man;6;5;8.0;200.0;17;MBO-BOL;LBO of vmbo;havo of vwo;goed;ja
1768;vmbo;vrouw;4;5;;;18;MBO-BOL;havo of vwo;LBO of vmbo;goed;ja
1769;vmbo;man;4;2;9.0;200.0;18;MBO-BOL;MBO;MBO;slecht;ja
1770;vmbo;vrouw;6;2;3.0;60.0;18;havo;MBO;HBO of WO;goed;ja
1771;vmbo;man;4;3;8.0;200.0;18;MBO-BOL;basisonderwijs;MBO;goed;ja
1772;vmbo;vrouw;5;4;6.0;4.0;17;MBO-BOL;LBO of vmbo;LBO of vmbo;goed;ja
1773;vmbo;vrouw;5;5;12.0;150.0;17;MBO-BOL;MBO;HBO of WO;goed;ja
1774;vmbo;man;3;2;;;18;havo;havo of vwo;HBO of WO;redelijk;ja
1775;vmbo;man;5;6;32.0;350.0;17;MBO-BOL;MBO;HBO of WO;redelijk;ja
1776;vmbo;man;5;1;15.0;265.0;17;havo;LBO of vmbo;MBO;redelijk;ja
1777;vmbo;vrouw;5;5;4.0;70.0;18;MBO-BOL;LBO of vmbo;MBO;redelijk;ja
1778;vmbo;man;4;4;;;17;MBO-BOL;HBO of WO;MBO;redelijk;ja
1779;vmbo;vrouw;5;4;;;17;MBO-BOL;LBO of vmbo;LBO of vmbo;redelijk;ja
1780;vmbo;man;4;3;15.0;300.0;19;MBO-BOL;MBO;MBO;redelijk;ja
1781;vmbo;vrouw;2;3;10.0;4.0;17;MBO-BOL;MBO;havo of vwo;redelijk;ja
1782;vmbo;man;4;3;12.0;;17;MBO-BOL;MBO;MBO;matig;ja
1783;vmbo;man;3;3;20.0;600.0;18;MBO-BOL;havo of vwo;MBO;redelijk;ja
1784;vmbo;man;4;3;14.0;350.0;17;MBO-BOL;havo of vwo;HBO of WO;redelijk;ja
1785;vmbo;vrouw;5;5;8.0;125.0;17;MBO-BOL;havo of vwo;MBO;redelijk;ja
1786;vmbo;vrouw;4;4;10.0;300.0;17;MBO-BOL;MBO;MBO;goed;ja
1787;vmbo;vrouw;4;4;10.0;100.0;17;MBO-BOL;MBO;LBO of vmbo;redelijk;nee, gestopt
1788;vmbo;man;5;4;15.0;200.0;17;MBO-BOL;HBO of WO;HBO of WO;goed;ja
1789;vmbo;vrouw;5;5;42.0;430.0;17;MBO-BOL;;;goed;ja
1790;vmbo;vrouw;5;3;8.0;170.0;17;MBO-BOL;MBO;MBO;redelijk;ja
1791;vmbo;vrouw;7;3;6.0;200.0;17;havo;HBO of WO;HBO of WO;goed;ja
1792;vmbo;vrouw;4;3;16.0;300.0;18;MBO-BBL;MBO;HBO of WO;goed;ja
1793;vmbo;vrouw;4;4;;200.0;17;MBO-BOL;MBO;LBO of vmbo;goed;ja
1794;vmbo;vrouw;5;4;;;17;MBO-BOL;LBO of vmbo;HBO of WO;redelijk;ja
1795;vmbo;man;5;3;;;17;MBO-BOL;MBO;HBO of WO;redelijk;ja
1796;vmbo;man;4;4;;;19;MBO-BOL;HBO of WO;HBO of WO;matig;ja
1797;vmbo;vrouw;;;;;17;MBO-BOL;;;goed;ja
1798;vmbo;vrouw;3;5;;;17;MBO-BOL;LBO of vmbo;LBO of vmbo;redelijk;ja
1799;vmbo;vrouw;6;5;;;17;MBO-BBL;havo of vwo;HBO of WO;goed;ja
1800;vmbo;man;3;3;10.0;250.0;17;MBO-BOL;HBO of WO;HBO of WO;redelijk;ja
1801;vmbo;vrouw;5;4;;;17;havo;HBO of WO;HBO of WO;matig;ja
1802;vmbo;vrouw;4;4;20.0;300.0;17;MBO-BOL;HBO of WO;MBO;goed;ja
1803;vmbo;man;6;5;6.0;150.0;17;MBO-BOL;MBO;MBO;goed;ja
1804;vmbo;vrouw;7;6;8.0;200.0;19;MBO-BOL;MBO;MBO;;ja
1805;vmbo;man;4;2;12.0;250.0;17;havo;MBO;HBO of WO;goed;ja
1806;vmbo;man;4;4;9.0;;17;MBO-BOL;MBO;LBO of vmbo;goed;ja
1807;vmbo;vrouw;6;5;8.0;500.0;17;MBO-BOL;MBO;MBO;goed;ja
1808;vmbo;vrouw;2;2;;;17;havo;MBO;LBO of vmbo;matig;ja
1809;vmbo;man;6;4;;;18;MBO-BOL;basisonderwijs;LBO of vmbo;goed;ja
1810;vmbo;vrouw;4;4;;;18;overig;MBO;MBO;;
1811;vmbo;vrouw;1;3;;;17;MBO-BOL;HBO of WO;MBO;goed;ja
1812;vmbo;vrouw;7;3;16.0;320.0;17;MBO-BBL;MBO;HBO of WO;redelijk;ja
1813;vmbo;vrouw;5;5;11.0;300.0;18;MBO-BOL;basisonderwijs;basisonderwijs;goed;ja
1814;vmbo;vrouw;2;2;;;18;MBO-BOL;LBO of vmbo;LBO of vmbo;matig;ja
1815;vmbo;vrouw;3;3;6.0;160.0;17;havo;LBO of vmbo;LBO of vmbo;redelijk;ja
1816;vmbo;vrouw;5;5;8.0;200.0;18;MBO-BOL;LBO of vmbo;MBO;redelijk;ja
1817;vmbo;man;3;3;9.0;150.0;17;MBO-BOL;LBO of vmbo;LBO of vmbo;matig;ja
1818;vmbo;man;2;3;;;18;MBO-BOL;LBO of vmbo;LBO of vmbo;matig;ja
1819;vmbo;vrouw;4;4;;;18;MBO-BOL;MBO;HBO of WO;redelijk;ja
1820;vmbo;vrouw;4;4;8.0;250.0;18;MBO-BOL;HBO of WO;HBO of WO;redelijk;ja
1821;vmbo;vrouw;2;3;18.0;180.0;17;MBO-BOL;basisonderwijs;LBO of vmbo;goed;ja
1822;vmbo;man;5;5;2.0;25.0;17;MBO-BOL;HBO of WO;MBO;redelijk;ja
1823;vmbo;vrouw;5;4;;;17;MBO-BOL;LBO of vmbo;MBO;redelijk;ja
1824;vmbo;man;5;6;;;17;MBO-BOL;LBO of vmbo;HBO of WO;redelijk;ja
1825;vmbo;vrouw;4;3;10.0;200.0;18;havo;MBO;MBO;goed;ja
1826;vmbo;vrouw;5;4;;;17;MBO-BOL;MBO;MBO;goed;ja
1827;vmbo;vrouw;4;4;10.0;165.0;17;MBO-BOL;HBO of WO;LBO of vmbo;redelijk;ja
1828;vmbo;vrouw;4;4;12.0;160.0;17;MBO-BOL;MBO;MBO;redelijk;ja
1829;vmbo;vrouw;7;6;8.0;70.0;17;MBO-BOL;MBO;havo of vwo;goed;ja
1830;vmbo;vrouw;4;2;6.0;100.0;17;havo;HBO of WO;HBO of WO;goed;ja
1831;vmbo;vrouw;5;3;24.0;1100.0;17;MBO-BBL;LBO of vmbo;LBO of vmbo;goed;ja
1832;vmbo;man;4;5;;;17;MBO-BOL;MBO;MBO;redelijk;ja
1833;vmbo;man;3;2;6.0;120.0;17;havo;MBO;LBO of vmbo;redelijk;ja
1834;vmbo;vrouw;4;4;;;18;MBO-BOL;LBO of vmbo;LBO of vmbo;goed;ja
1835;vmbo;man;5;4;5.0;70.0;17;overig;havo of vwo;LBO of vmbo;;
1836;vmbo;man;4;4;;;17;MBO-BOL;MBO;LBO of vmbo;redelijk;ja
1837;vmbo;vrouw;5;4;7.0;240.0;17;MBO-BOL;HBO of WO;havo of vwo;matig;ja
1838;vmbo;vrouw;1;1;10.0;6.0;17;havo;MBO;MBO;goed;ja
1839;vmbo;vrouw;2;3;;;17;havo;LBO of vmbo;HBO of WO;goed;ja
1840;vmbo;vrouw;5;6;4.0;160.0;17;MBO-BOL;MBO;MBO;redelijk;ja
1841;vmbo;vrouw;5;4;10.0;200.0;18;MBO-BOL;LBO of vmbo;LBO of vmbo;goed;ja
1842;vmbo;vrouw;5;4;;;17;MBO-BOL;MBO;HBO of WO;redelijk;ja
1843;vmbo;vrouw;3;2;;;18;havo;LBO of vmbo;MBO;goed;ja
1844;vmbo;man;;;;;17;;;;;
1845;vmbo;vrouw;3;3;8.0;100.0;17;MBO-BOL;HBO of WO;HBO of WO;redelijk;nee, gestopt
1846;vmbo;vrouw;5;3;;;17;MBO-BOL;MBO;MBO;goed;ja
1847;vmbo;man;4;2;13.0;240.0;17;MBO-BOL;LBO of vmbo;LBO of vmbo;matig;nee, gestopt
1848;vmbo;vrouw;5;5;8.0;100.0;18;MBO-BOL;MBO;HBO of WO;matig;ja
1849;vmbo;man;5;4;;;17;MBO-BOL;MBO;MBO;redelijk;ja
1850;vmbo;vrouw;3;5;;;17;MBO-BOL;HBO of WO;MBO;slecht;nee, gestopt
1851;vmbo;man;5;4;12.0;160.0;18;MBO-BOL;MBO;MBO;goed;nee, gestopt
1852;vmbo;man;4;4;5.0;120.0;17;MBO-BOL;LBO of vmbo;LBO of vmbo;goed;ja
1853;vmbo;man;4;3;20.0;500.0;18;havo;HBO of WO;HBO of WO;matig;ja
1854;vmbo;vrouw;4;5;;;19;MBO-BOL;HBO of WO;LBO of vmbo;goed;ja
1855;vmbo;vrouw;3;4;;;17;MBO-BOL;LBO of vmbo;HBO of WO;redelijk;ja
1856;vmbo;vrouw;4;4;10.0;170.0;17;MBO-BOL;LBO of vmbo;basisonderwijs;goed;ja
1857;vmbo;vrouw;4;4;7.0;400.0;17;MBO-BOL;MBO;LBO of vmbo;goed;ja
1858;vmbo;vrouw;6;4;9.0;130.0;17;MBO-BOL;HBO of WO;MBO;goed;ja
1859;vmbo;vrouw;3;5;12.0;5.0;17;MBO-BOL;HBO of WO;HBO of WO;matig;ja
1860;vmbo;vrouw;4;4;;;17;;MBO;MBO;;
1861;vmbo;vrouw;4;4;8.0;250.0;17;MBO-BOL;HBO of WO;MBO;goed;ja
1862;vmbo;man;5;3;;;17;havo;havo of vwo;havo of vwo;;ja
1863;vmbo;vrouw;4;3;;;17;MBO-BOL;havo of vwo;HBO of WO;matig;ja
1864;vmbo;vrouw;5;3;6.0;5.0;18;MBO-BOL;MBO;MBO;matig;ja
1865;vmbo;vrouw;2;2;9.0;32.0;16;havo;MBO;LBO of vmbo;goed;ja
1866;vmbo;vrouw;5;4;;;17;MBO-BOL;HBO of WO;MBO;goed;ja
1867;vmbo;man;4;3;15.0;200.0;17;MBO-BOL;HBO of WO;LBO of vmbo;slecht;ja
1868;vmbo;vrouw;6;5;;;17;MBO-BOL;havo of vwo;havo of vwo;goed;ja
1869;vmbo;vrouw;5;3;12.0;125.0;17;MBO-BOL;LBO of vmbo;LBO of vmbo;matig;ja
1870;vmbo;vrouw;5;4;12.0;400.0;17;MBO-BOL;MBO;MBO;matig;ja
1871;vmbo;vrouw;2;2;;;18;overig;havo of vwo;HBO of WO;;
1872;vmbo;vrouw;3;3;17.0;300.0;18;MBO-BOL;MBO;MBO;matig;nee, gestopt
1873;vmbo;vrouw;4;3;;;18;MBO-BOL;MBO;MBO;redelijk;ja
1874;vmbo;vrouw;7;7;5.0;100.0;17;MBO-BOL;HBO of WO;HBO of WO;matig;ja
1875;vmbo;vrouw;2;1;5.0;150.0;18;havo;MBO;LBO of vmbo;redelijk;ja
1876;vmbo;man;3;5;;;18;MBO-BOL;HBO of WO;MBO;redelijk;ja
1877;vmbo;vrouw;5;1;10.0;120.0;17;MBO-BOL;basisonderwijs;LBO of vmbo;redelijk;ja
1878;vmbo;vrouw;3;1;20.0;300.0;17;MBO-BOL;havo of vwo;LBO of vmbo;redelijk;ja
1879;vmbo;vrouw;5;5;4.0;160.0;17;MBO-BOL;MBO;MBO;redelijk;ja
1880;vmbo;vrouw;5;4;10.0;180.0;17;MBO-BOL;MBO;LBO of vmbo;redelijk;ja
1881;vmbo;man;6;6;;;18;MBO-BOL;MBO;MBO;redelijk;nee, gestopt
1882;vmbo;man;;;;;18;MBO-BOL;;;;
1883;vmbo;vrouw;4;4;16.0;150.0;17;MBO-BOL;basisonderwijs;;redelijk;ja
1884;vmbo;man;5;1;;;18;havo;havo of vwo;MBO;goed;ja
1885;vmbo;vrouw;4;3;9.0;175.0;17;MBO-BOL;LBO of vmbo;HBO of WO;goed;ja
1886;vmbo;man;4;2;4.0;300.0;17;MBO-BOL;MBO;HBO of WO;goed;ja
1887;vmbo;man;;;;;17;MBO-BOL;;;;
1888;vmbo;vrouw;7;5;;;19;MBO-BBL;HBO of WO;HBO of WO;redelijk;ja
1889;vmbo;vrouw;4;1;6.0;5.0;17;havo;MBO;MBO;matig;ja
1890;vmbo;vrouw;5;5;8.0;98.0;17;MBO-BOL;LBO of vmbo;MBO;goed;ja
1891;vmbo;vrouw;3;4;6.0;96.0;17;MBO-BOL;MBO;MBO;goed;nee, diploma behaald
1892;vmbo;man;5;4;6.0;100.0;17;MBO-BOL;havo of vwo;LBO of vmbo;redelijk;ja
1893;vmbo;vrouw;2;1;24.0;;18;MBO-BOL;HBO of WO;LBO of vmbo;goed;ja
1894;vmbo;vrouw;2;1;;;17;MBO-BOL;HBO of WO;HBO of WO;slecht;ja
1895;vmbo;vrouw;5;4;;;17;MBO-BOL;MBO;MBO;goed;ja
1896;vmbo;man;3;5;;;17;MBO-BOL;;;matig;ja
1897;vmbo;man;4;2;;;17;havo;havo of vwo;havo of vwo;goed;ja
1898;vmbo;vrouw;3;3;10.0;200.0;17;MBO-BOL;LBO of vmbo;LBO of vmbo;redelijk;ja
1899;vmbo;man;5;6;10.0;250.0;17;MBO-BOL;MBO;HBO of WO;goed;ja
1900;vmbo;man;4;4;;;18;MBO-BOL;MBO;MBO;goed;ja
1901;vmbo;vrouw;2;3;10.0;200.0;17;havo;LBO of vmbo;MBO;redelijk;ja
1902;vmbo;man;5;3;;;17;MBO-BOL;MBO;MBO;goed;ja
1903;vmbo;man;4;3;15.0;150.0;18;MBO-BOL;HBO of WO;HBO of WO;goed;ja
1904;vmbo;vrouw;3;5;;;16;MBO-BOL;LBO of vmbo;MBO;redelijk;ja
1905;vmbo;man;2;4;10.0;50.0;17;MBO-BOL;HBO of WO;MBO;redelijk;ja
1906;vmbo;vrouw;4;4;7.0;140.0;17;havo;HBO of WO;HBO of WO;redelijk;ja
1907;vmbo;vrouw;4;4;11.0;;17;MBO-BOL;MBO;MBO;goed;ja
1908;vmbo;man;1;1;;;17;havo;MBO;HBO of WO;matig;
1909;vmbo;vrouw;6;1;3.0;60.0;17;havo;MBO;MBO;redelijk;ja
1910;vmbo;vrouw;5;4;8.0;150.0;17;MBO-BOL;havo of vwo;HBO of WO;redelijk;ja
1911;vmbo;man;4;4;15.0;160.0;18;geen opleiding, gaan werken;HBO of WO;HBO of WO;;
1912;vmbo;man;3;3;;;17;MBO-BOL;LBO of vmbo;HBO of WO;slecht;nee, gestopt
1913;vmbo;vrouw;4;4;6.0;150.0;17;havo;LBO of vmbo;LBO of vmbo;goed;ja
1914;vmbo;vrouw;4;3;15.0;300.0;17;MBO-BOL;MBO;MBO;goed;ja
1915;vmbo;vrouw;5;4;;;18;MBO-BOL;HBO of WO;HBO of WO;goed;ja
1916;vmbo;vrouw;6;1;24.0;480.0;18;MBO-BBL;LBO of vmbo;havo of vwo;;ja
1917;vmbo;vrouw;5;2;38.0;250.0;17;MBO-BOL;LBO of vmbo;LBO of vmbo;matig;ja
1918;vmbo;vrouw;6;5;12.0;150.0;18;;LBO of vmbo;MBO;;
1919;vmbo;man;6;4;;;18;MBO-BOL;HBO of WO;HBO of WO;redelijk;ja
1920;vmbo;man;5;5;8.0;200.0;17;MBO-BOL;MBO;;matig;ja
1921;vmbo;vrouw;4;5;10.0;;17;MBO-BOL;MBO;HBO of WO;redelijk;ja
1922;vmbo;vrouw;4;5;8.0;200.0;18;MBO-BOL;HBO of WO;HBO of WO;redelijk;ja
1923;vmbo;vrouw;3;3;;;17;MBO-BOL;LBO of vmbo;havo of vwo;matig;ja
1924;vmbo;vrouw;5;4;12.0;700.0;18;MBO-BOL;basisonderwijs;basisonderwijs;redelijk;ja
1925;vmbo;vrouw;4;3;;;17;MBO-BOL;HBO of WO;HBO of WO;redelijk;ja
1926;vmbo;vrouw;3;3;12.0;200.0;17;MBO-BOL;MBO;MBO;matig;nee, gestopt
1927;vmbo;vrouw;1;1;24.0;500.0;17;havo;HBO of WO;HBO of WO;slecht;nee, diploma behaald
1928;vmbo;vrouw;4;3;;;17;havo;HBO of WO;HBO of WO;redelijk;ja
1929;vmbo;vrouw;6;5;3.0;94.0;18;MBO-BOL;MBO;HBO of WO;redelijk;ja
1930;vmbo;vrouw;5;3;6.0;80.0;17;MBO-BOL;MBO;HBO of WO;goed;ja
1931;vmbo;man;4;2;5.0;150.0;18;havo;LBO of vmbo;LBO of vmbo;redelijk;ja
1932;vmbo;man;4;2;;;18;MBO-BOL;MBO;HBO of WO;goed;ja
1933;vmbo;man;4;4;10.0;170.0;17;MBO-BOL;HBO of WO;MBO;goed;ja
1934;vmbo;vrouw;4;4;3.0;60.0;17;MBO-BOL;MBO;LBO of vmbo;goed;ja
1935;vmbo;vrouw;4;2;8.0;772.0;17;havo;LBO of vmbo;LBO of vmbo;redelijk;ja
1936;vmbo;man;3;4;;;17;geen opleiding, gaan werken;MBO;LBO of vmbo;;
1937;vmbo;man;4;4;8.0;250.0;18;MBO-BOL;HBO of WO;HBO of WO;redelijk;ja
1938;vmbo;vrouw;6;5;7.0;5.0;17;MBO-BOL;HBO of WO;HBO of WO;redelijk;ja
1939;vmbo;vrouw;;;;;18;havo;;;redelijk;
1940;vmbo;vrouw;5;3;12.0;160.0;17;MBO-BOL;MBO;MBO;redelijk;ja
1941;vmbo;vrouw;5;5;;;17;MBO-BOL;MBO;HBO of WO;goed;ja
1942;vmbo;man;4;4;12.0;;17;havo;HBO of WO;LBO of vmbo;slecht;ja
1943;vmbo;vrouw;;;;;18;MBO-BOL;;;redelijk;
1944;vmbo;man;4;4;40.0;400.0;17;MBO-BOL;HBO of WO;HBO of WO;redelijk;ja
1945;vmbo;man;2;5;;;17;MBO-BOL;LBO of vmbo;LBO of vmbo;matig;ja
1946;vmbo;vrouw;4;3;1.0;20.0;17;MBO-BOL;MBO;LBO of vmbo;matig;ja
1947;vmbo;man;5;5;;;18;havo;MBO;MBO;goed;ja
1948;vmbo;vrouw;7;4;;;17;overig;HBO of WO;HBO of WO;;
1949;vmbo;man;5;4;24.0;550.0;18;MBO-BBL;LBO of vmbo;LBO of vmbo;matig;ja
1950;vmbo;vrouw;3;4;;;18;geen opleiding, gaan werken;MBO;MBO;;
1951;vmbo;man;;;;;18;MBO-BBL;;;goed;
1952;vmbo;vrouw;6;4;;;17;MBO-BOL;LBO of vmbo;MBO;goed;ja
1953;vmbo;man;3;3;;;18;MBO-BOL;MBO;MBO;goed;ja
1954;vmbo;man;4;5;7.0;;17;;MBO;HBO of WO;;
1955;vmbo;vrouw;5;4;13.0;500.0;18;geen opleiding, gaan werken;MBO;LBO of vmbo;;
1956;vmbo;man;7;5;6.0;80.0;19;overig;HBO of WO;HBO of WO;;
1957;vmbo;man;5;4;40.0;1500.0;19;geen opleiding, gaan werken;MBO;LBO of vmbo;;
1958;vmbo;man;5;4;28.0;1100.0;19;MBO-BBL;LBO of vmbo;LBO of vmbo;goed;ja
1959;vmbo;man;5;3;4.0;80.0;17;MBO-BOL;LBO of vmbo;LBO of vmbo;goed;ja
1960;vmbo;vrouw;1;2;;;19;overig;MBO;havo of vwo;;
1961;vmbo;vrouw;1;1;;;18;overig;LBO of vmbo;LBO of vmbo;;
1962;vmbo;man;6;4;12.0;300.0;17;MBO-BOL;MBO;LBO of vmbo;goed;ja
1963;vmbo;vrouw;4;4;;;18;MBO-BOL;basisonderwijs;basisonderwijs;matig;ja
1964;vmbo;vrouw;6;5;;;18;overig;MBO;HBO of WO;;
1965;vmbo;vrouw;3;5;6.0;300.0;19;geen opleiding, gaan werken;basisonderwijs;HBO of WO;;
1966;vmbo;man;4;3;20.0;200.0;18;MBO-BOL;MBO;MBO;matig;ja
1967;vmbo;vrouw;4;3;;;19;geen opleiding, gaan werken;LBO of vmbo;LBO of vmbo;;
1968;vmbo;vrouw;5;5;;;17;MBO-BOL;LBO of vmbo;LBO of vmbo;goed;ja
1969;vmbo;man;3;5;;;18;overig;;;;
1970;vmbo;man;4;3;38.0;850.0;19;MBO-BBL;MBO;MBO;goed;ja
1971;vmbo;man;3;2;28.0;795.0;19;geen opleiding, gaan werken;havo of vwo;LBO of vmbo;;
1972;vmbo;vrouw;4;4;40.0;4.0;19;MBO-BBL;LBO of vmbo;LBO of vmbo;redelijk;ja
1973;vmbo;man;3;3;25.0;600.0;18;geen opleiding, gaan werken;LBO of vmbo;LBO of vmbo;;
1974;vmbo;man;4;4;9.0;200.0;18;MBO-BOL;basisonderwijs;basisonderwijs;redelijk;ja
1975;vmbo;man;2;1;;;17;MBO-BOL;MBO;;slecht;nee, gestopt
1976;vmbo;man;2;5;;;18;MBO-BOL;MBO;MBO;goed;ja
1977;vmbo;vrouw;4;4;33.0;;18;geen opleiding, gaan werken;MBO;LBO of vmbo;;
1978;vmbo;man;4;4;40.0;;19;geen opleiding, gaan werken;;;;
1979;vmbo;vrouw;;;;;18;geen opleiding, gaan werken;;;;
1980;vmbo;vrouw;5;7;;;18;geen opleiding, gaan werken;LBO of vmbo;MBO;;
1981;vmbo;vrouw;4;4;;;19;overig;LBO of vmbo;LBO of vmbo;;
1982;vmbo;man;2;4;;;19;MBO-BOL;HBO of WO;HBO of WO;matig;ja
1983;vmbo;man;5;6;;;18;MBO-BBL;HBO of WO;MBO;redelijk;ja
1984;vmbo;vrouw;;;;;19;MBO-BBL;;;goed;ja
1985;vmbo;vrouw;;;;;17;;;;;
1986;vmbo;vrouw;2;4;;;18;MBO-BOL;basisonderwijs;basisonderwijs;redelijk;ja
1987;vmbo;vrouw;4;5;;;17;MBO-BOL;LBO of vmbo;havo of vwo;goed;ja
1988;vmbo;vrouw;4;4;;140.0;17;MBO-BOL;MBO;LBO of vmbo;matig;ja
1989;vmbo;man;4;4;;;17;overig;HBO of WO;HBO of WO;;
1990;vmbo;man;2;4;15.0;250.0;19;geen opleiding, gaan werken;LBO of vmbo;;;
1991;vmbo;man;4;3;40.0;1250.0;16;geen opleiding, gaan werken;havo of vwo;MBO;;
1992;vmbo;man;4;3;35.0;1000.0;18;overig;MBO;HBO of WO;;
1993;vmbo;man;4;4;10.0;300.0;19;MBO-BOL;MBO;LBO of vmbo;redelijk;ja
1994;vmbo;man;3;4;15.0;300.0;17;MBO-BOL;LBO of vmbo;MBO;redelijk;ja
1995;vmbo;man;4;4;40.0;1400.0;17;MBO-BBL;LBO of vmbo;LBO of vmbo;goed;ja
1996;vmbo;man;5;4;40.0;1200.0;18;overig;LBO of vmbo;MBO;;
1997;vmbo;man;1;2;30.0;900.0;19;geen opleiding, gaan werken;havo of vwo;MBO;;
1998;vmbo;man;1;1;;;18;MBO-BOL;LBO of vmbo;MBO;goed;ja
1999;vmbo;vrouw;5;4;;;17;MBO-BOL;havo of vwo;LBO of vmbo;goed;ja
2000;vmbo;man;6;5;40.0;650.0;17;MBO-BBL;MBO;MBO;redelijk;ja
2001;vmbo;man;3;4;;;17;geen opleiding, gaan werken;MBO;LBO of vmbo;;
2002;vmbo;man;4;4;50.0;3400.0;19;overig;LBO of vmbo;MBO;;
2003;vmbo;man;6;4;;;17;overig;LBO of vmbo;LBO of vmbo;;
2004;vmbo;vrouw;4;4;;;19;overig;LBO of vmbo;HBO of WO;;
2005;vmbo;man;2;5;48.0;250.0;18;MBO-BBL;LBO of vmbo;basisonderwijs;matig;ja
2006;vmbo;man;6;3;;;18;MBO-BOL;MBO;MBO;redelijk;ja
2007;vmbo;man;6;4;;;17;MBO-BOL;LBO of vmbo;;goed;ja
2008;vmbo;man;;;;;18;MBO-BBL;;;;
2009;vmbo;man;;;40.0;;18;overig;;;;
2010;vmbo;man;3;2;;;17;MBO-BOL;LBO of vmbo;LBO of vmbo;redelijk;ja
2011;vmbo;man;5;3;22.0;450.0;18;MBO-BOL;havo of vwo;havo of vwo;goed;ja
2012;vmbo;man;4;3;;;18;MBO-BBL;MBO;;redelijk;ja
2013;vmbo;man;4;4;;;17;MBO-BBL;LBO of vmbo;MBO;matig;ja
2014;vmbo;man;3;4;;;17;MBO-BBL;MBO;MBO;matig;ja
2015;vmbo;man;6;6;;;18;overig;basisonderwijs;basisonderwijs;;
2016;vmbo;man;6;6;;;19;MBO-BOL;basisonderwijs;basisonderwijs;goed;ja
2017;vmbo;man;2;6;32.0;633.0;18;MBO-BBL;LBO of vmbo;LBO of vmbo;goed;ja
2018;vmbo;man;6;4;;;19;geen opleiding, gaan werken;HBO of WO;HBO of WO;;
2019;vmbo;man;4;4;;;17;MBO-BOL;LBO of vmbo;HBO of WO;slecht;ja
2020;vmbo;man;5;5;;;18;MBO-BBL;basisonderwijs;MBO;matig;nee, gestopt
2021;vmbo;man;5;5;;;17;MBO-BOL;LBO of vmbo;LBO of vmbo;goed;ja
2022;vmbo;man;4;2;35.0;200.0;18;overig;LBO of vmbo;MBO;;
2023;vmbo;man;4;4;;;16;MBO-BOL;;;slecht;nee, gestopt
2024;vmbo;vrouw;5;4;16.0;100.0;18;overig;HBO of WO;HBO of WO;;
2025;vmbo;vrouw;5;4;12.0;300.0;17;havo;LBO of vmbo;basisonderwijs;goed;ja
2026;vmbo;vrouw;3;4;12.0;150.0;17;MBO-BOL;MBO;;goed;ja
2027;vmbo;man;5;5;12.0;200.0;19;overig;HBO of WO;HBO of WO;;
2028;vmbo;vrouw;4;2;10.0;200.0;18;MBO-BOL;LBO of vmbo;HBO of WO;matig;ja
2029;vmbo;man;5;3;;;18;MBO-BBL;LBO of vmbo;havo of vwo;redelijk;ja
2030;vmbo;man;6;5;;;17;MBO-BOL;MBO;MBO;redelijk;ja
2031;vmbo;man;5;3;;;19;overig;LBO of vmbo;LBO of vmbo;;
2032;vmbo;man;5;3;8.0;39.0;17;MBO-BOL;MBO;MBO;redelijk;ja
2033;vmbo;man;4;5;12.0;205.0;18;MBO-BOL;;;redelijk;ja
2034;vmbo;man;4;4;32.0;1250.0;18;MBO-BBL;LBO of vmbo;LBO of vmbo;matig;ja
2035;vmbo;vrouw;;;9.0;200.0;17;MBO-BOL;;;redelijk;ja
2036;vmbo;vrouw;;;;;18;;;;;
2037;vmbo;man;1;3;;;19;MBO-BOL;LBO of vmbo;LBO of vmbo;redelijk;ja
2038;vmbo;vrouw;6;6;30.0;537.0;18;MBO-BBL;MBO;LBO of vmbo;redelijk;ja
2039;vmbo;man;6;4;11.0;200.0;19;overig;havo of vwo;MBO;;
2040;vmbo;man;4;3;12.0;150.0;17;overig;HBO of WO;LBO of vmbo;;
2041;vmbo;vrouw;5;3;;;18;MBO-BOL;MBO;HBO of WO;matig;ja
2042;vmbo;vrouw;5;4;25.0;300.0;18;geen opleiding, gaan werken;havo of vwo;basisonderwijs;;
2043;vmbo;vrouw;5;5;12.0;250.0;17;MBO-BOL;MBO;MBO;goed;ja
2044;vmbo;man;4;5;6.0;140.0;17;MBO-BOL;;basisonderwijs;goed;ja
2045;vmbo;vrouw;4;4;;;19;geen opleiding, gaan werken;basisonderwijs;basisonderwijs;;
2046;vmbo;vrouw;1;4;;;17;overig;LBO of vmbo;havo of vwo;;
2047;vmbo;man;6;6;8.0;160.0;18;MBO-BOL;MBO;basisonderwijs;goed;ja
2048;vmbo;man;5;3;;;19;geen opleiding, gaan werken;MBO;MBO;;
2049;vmbo;man;4;3;;;17;MBO-BOL;HBO of WO;HBO of WO;matig;nee, gestopt
2050;vmbo;man;1;1;6.0;70.0;17;MBO-BOL;HBO of WO;LBO of vmbo;goed;ja
2051;vmbo;vrouw;5;3;;;19;geen opleiding, gaan werken;MBO;basisonderwijs;;
2052;vmbo;vrouw;5;5;;;21;overig;basisonderwijs;basisonderwijs;;
2053;vmbo;vrouw;4;2;16.0;5.0;18;geen opleiding, gaan werken;basisonderwijs;basisonderwijs;;
2054;vmbo;vrouw;4;4;24.0;500.0;17;MBO-BBL;;;matig;ja
2055;vmbo;vrouw;4;3;32.0;733.0;19;geen opleiding, gaan werken;LBO of vmbo;LBO of vmbo;;
2056;vmbo;vrouw;4;4;;;17;MBO-BBL;MBO;MBO;redelijk;
2057;vmbo;vrouw;5;5;6.0;150.0;17;MBO-BOL;LBO of vmbo;LBO of vmbo;goed;ja
2058;vmbo;vrouw;5;4;;;17;overig;havo of vwo;basisonderwijs;;
2059;vmbo;vrouw;;;;;19;overig;;;;
2060;vmbo;vrouw;3;4;10.0;200.0;17;MBO-BOL;MBO;MBO;goed;nee, diploma behaald
2061;vmbo;vrouw;2;3;;;17;MBO-BOL;basisonderwijs;LBO of vmbo;goed;ja
2062;vmbo;vrouw;2;3;32.0;350.0;17;geen opleiding, gaan werken;HBO of WO;MBO;;
2063;vmbo;vrouw;3;3;8.0;120.0;17;overig;MBO;MBO;;
2064;vmbo;vrouw;6;5;;;18;MBO-BOL;LBO of vmbo;HBO of WO;redelijk;ja
2065;vmbo;vrouw;3;5;6.0;88.0;17;overig;havo of vwo;LBO of vmbo;;
2066;vmbo;vrouw;3;4;8.0;300.0;18;geen opleiding, gaan werken;LBO of vmbo;LBO of vmbo;;
2067;vmbo;vrouw;6;4;;;18;MBO-BOL;HBO of WO;HBO of WO;goed;ja
2068;vmbo;vrouw;3;2;;;17;MBO-BOL;MBO;LBO of vmbo;slecht;ja
2069;vmbo;vrouw;3;4;26.0;500.0;18;overig;LBO of vmbo;LBO of vmbo;;
2070;vmbo;vrouw;5;3;;;17;;MBO;MBO;;
2071;vmbo;vrouw;7;3;;;18;overig;MBO;MBO;;
2072;vmbo;vrouw;5;2;45.0;900.0;19;geen opleiding, gaan werken;;;;
2073;vmbo;vrouw;4;4;28.0;750.0;20;MBO-BBL;LBO of vmbo;MBO;matig;ja
2074;vmbo;vrouw;4;4;;;17;overig;LBO of vmbo;LBO of vmbo;;
2075;vmbo;vrouw;4;4;22.0;600.0;18;overig;havo of vwo;LBO of vmbo;;
2076;vmbo;man;6;4;32.0;800.0;18;MBO-BBL;MBO;MBO;slecht;ja
2077;vmbo;vrouw;5;5;;;17;MBO-BOL;MBO;havo of vwo;goed;ja
2078;vmbo;vrouw;1;1;15.0;150.0;18;MBO-BOL;HBO of WO;HBO of WO;goed;ja
2079;vmbo;vrouw;2;4;;;18;MBO-BOL;HBO of WO;MBO;matig;ja
2080;vmbo;vrouw;2;2;;;18;MBO-BOL;basisonderwijs;;goed;ja
2081;vmbo;vrouw;7;6;15.0;300.0;18;MBO-BOL;LBO of vmbo;LBO of vmbo;redelijk;ja
2082;vmbo;man;4;4;;;19;geen opleiding, gaan werken;LBO of vmbo;LBO of vmbo;;
2083;vmbo;vrouw;3;4;;;17;MBO-BOL;havo of vwo;;matig;ja
2084;vmbo;vrouw;5;5;23.0;475.0;19;geen opleiding, gaan werken;;;;
2085;vmbo;vrouw;5;4;6.0;150.0;17;MBO-BOL;basisonderwijs;LBO of vmbo;goed;ja
2086;vmbo;vrouw;5;3;4.0;50.0;20;geen opleiding, gaan werken;basisonderwijs;LBO of vmbo;;
2087;vmbo;vrouw;4;1;;;18;MBO-BOL;HBO of WO;LBO of vmbo;redelijk;ja
2088;vmbo;vrouw;4;4;;;17;overig;LBO of vmbo;LBO of vmbo;;
2089;vmbo;vrouw;5;4;22.0;400.0;18;geen opleiding, gaan werken;basisonderwijs;basisonderwijs;;
2090;vmbo;vrouw;5;4;;;17;MBO-BOL;LBO of vmbo;LBO of vmbo;goed;ja
2091;vmbo;vrouw;1;5;;;18;overig;;;;
2092;vmbo;vrouw;3;2;12.0;250.0;18;MBO-BOL;MBO;LBO of vmbo;redelijk;ja
2093;vmbo;vrouw;;;28.0;400.0;18;geen opleiding, gaan werken;;;;
2094;vmbo;vrouw;3;3;7.0;150.0;17;MBO-BOL;LBO of vmbo;MBO;goed;ja
2095;vmbo;vrouw;1;3;24.0;;18;MBO-BBL;HBO of WO;HBO of WO;redelijk;ja
2096;vmbo;vrouw;2;;;;19;geen opleiding, gaan werken;LBO of vmbo;HBO of WO;;
2097;vmbo;vrouw;2;3;;;19;geen opleiding, gaan werken;basisonderwijs;basisonderwijs;;
2098;vmbo;vrouw;6;6;8.0;250.0;17;geen opleiding, gaan werken;HBO of WO;LBO of vmbo;;
2099;vmbo;vrouw;5;4;;;18;geen opleiding, gaan werken;basisonderwijs;basisonderwijs;;
2100;vmbo;vrouw;6;6;12.0;290.0;18;geen opleiding, gaan werken;LBO of vmbo;LBO of vmbo;;
2101;vmbo;vrouw;4;4;35.0;614.0;18;geen opleiding, gaan werken;;basisonderwijs;;
2102;vmbo;vrouw;5;4;;;18;MBO-BOL;MBO;basisonderwijs;redelijk;ja
2103;vmbo;vrouw;5;5;10.0;;19;overig;;;;
2104;vmbo;vrouw;4;5;;;17;MBO-BBL;LBO of vmbo;basisonderwijs;redelijk;ja
2105;vmbo;vrouw;6;4;;;18;MBO-BOL;basisonderwijs;basisonderwijs;goed;nee, diploma behaald
2106;vmbo;vrouw;;;;;19;overig;MBO;basisonderwijs;;
2107;vmbo;vrouw;;;;;17;overig;;;;
2108;vmbo;man;5;4;;;18;MBO-BOL;LBO of vmbo;LBO of vmbo;redelijk;ja
2109;vmbo;vrouw;4;4;;;17;geen opleiding, gaan werken;HBO of WO;HBO of WO;;
2110;vmbo;vrouw;;;12.0;205.0;17;MBO-BOL;;;goed;ja
2111;vmbo;vrouw;4;3;;;17;overig;havo of vwo;LBO of vmbo;;
2112;vmbo;vrouw;1;3;;;19;geen opleiding, gaan werken;LBO of vmbo;LBO of vmbo;;
2113;vmbo;vrouw;3;3;;;18;MBO-BOL;HBO of WO;HBO of WO;goed;ja
2114;vmbo;man;1;1;;;17;MBO-BOL;MBO;MBO;goed;ja
2115;vmbo;vrouw;4;3;;;18;geen opleiding, gaan werken;LBO of vmbo;HBO of WO;;
2116;vmbo;vrouw;5;5;;;18;MBO-BOL;HBO of WO;HBO of WO;goed;ja
2117;vmbo;vrouw;;;8.0;;18;overig;;;;
2118;vmbo;vrouw;4;3;;;16;havo;MBO;HBO of WO;goed;ja
2119;vmbo;man;1;1;40.0;913.0;17;geen opleiding, gaan werken;LBO of vmbo;LBO of vmbo;;
2120;vmbo;vrouw;5;5;3.0;80.0;17;overig;HBO of WO;MBO;;
2121;vmbo;man;4;4;6.0;120.0;17;MBO-BOL;HBO of WO;HBO of WO;redelijk;ja
2122;vmbo;vrouw;7;6;16.0;;17;MBO-BBL;MBO;MBO;goed;ja
2123;vmbo;vrouw;;;;;17;MBO-BOL;havo of vwo;HBO of WO;redelijk;ja
2124;vmbo;vrouw;4;4;;;18;MBO-BOL;LBO of vmbo;MBO;redelijk;ja
2125;vmbo;vrouw;3;3;;;18;overig;HBO of WO;HBO of WO;;
2126;vmbo;vrouw;4;3;13.0;4.0;17;MBO-BOL;HBO of WO;HBO of WO;goed;ja
2127;vmbo;man;4;4;;;17;overig;MBO;MBO;;
2128;vmbo;man;4;4;;;18;MBO-BOL;MBO;MBO;redelijk;ja
2129;vmbo;vrouw;5;5;17.0;380.0;19;MBO-BOL;MBO;LBO of vmbo;goed;ja
2130;vmbo;man;5;3;14.0;320.0;17;MBO-BOL;HBO of WO;HBO of WO;matig;ja
2131;vmbo;man;6;4;;;18;geen opleiding, gaan werken;HBO of WO;HBO of WO;;
2132;vmbo;vrouw;2;2;;;18;havo;MBO;MBO;goed;ja
2133;vmbo;man;2;2;8.0;150.0;17;havo;MBO;HBO of WO;slecht;ja
2134;vmbo;man;4;4;14.0;;17;overig;MBO;HBO of WO;;
2135;vmbo;man;7;7;;;18;MBO-BBL;HBO of WO;HBO of WO;slecht;nee, gestopt
2136;vmbo;man;3;4;58.0;500.0;18;overig;HBO of WO;LBO of vmbo;;
2137;vmbo;vrouw;4;3;18.0;200.0;17;MBO-BBL;HBO of WO;MBO;matig;ja
2138;vmbo;man;5;4;20.0;400.0;19;MBO-BOL;HBO of WO;HBO of WO;goed;ja
2139;vmbo;vrouw;3;3;9.0;300.0;18;MBO-BOL;MBO;MBO;goed;ja
2140;vmbo;man;4;4;13.0;250.0;18;MBO-BOL;MBO;MBO;goed;ja
2141;vmbo;vrouw;6;5;;;18;havo;MBO;MBO;redelijk;ja
2142;vmbo;vrouw;4;4;10.0;65.0;17;overig;MBO;MBO;;
2143;vmbo;vrouw;3;5;;;17;overig;MBO;basisonderwijs;;
2144;vmbo;vrouw;3;2;9.0;300.0;17;havo;HBO of WO;LBO of vmbo;goed;ja
2145;vmbo;vrouw;1;3;10.0;170.0;17;overig;HBO of WO;HBO of WO;;
2146;vmbo;man;4;2;;;18;MBO-BOL;MBO;MBO;redelijk;nee, gestopt
2147;vmbo;vrouw;5;3;8.0;271.0;21;havo;LBO of vmbo;LBO of vmbo;goed;ja
2148;vmbo;man;2;5;8.0;300.0;18;MBO-BOL;MBO;havo of vwo;goed;ja
2149;vmbo;man;4;4;10.0;100.0;17;MBO-BOL;HBO of WO;HBO of WO;goed;ja
2150;vmbo;vrouw;2;3;;;17;MBO-BOL;MBO;MBO;matig;nee, gestopt
2151;vmbo;vrouw;4;5;;;17;MBO-BOL;MBO;HBO of WO;goed;ja
2152;vmbo;vrouw;3;4;;;17;MBO-BOL;MBO;MBO;goed;ja
2153;vmbo;vrouw;5;3;30.0;380.0;17;MBO-BBL;MBO;MBO;goed;ja
2154;vmbo;vrouw;2;1;6.0;120.0;17;havo;MBO;havo of vwo;matig;ja
2155;vmbo;man;4;4;;;19;overig;MBO;MBO;;
2156;vmbo;vrouw;4;4;;200.0;17;MBO-BOL;HBO of WO;HBO of WO;goed;ja
2157;vmbo;vrouw;5;4;8.0;120.0;18;overig;MBO;MBO;;
2158;vmbo;vrouw;5;5;7.0;100.0;17;overig;MBO;HBO of WO;;
2159;vmbo;vrouw;4;5;;;17;overig;MBO;MBO;;
2160;vmbo;vrouw;4;3;40.0;1200.0;18;overig;LBO of vmbo;LBO of vmbo;;
2161;vmbo;vrouw;5;5;6.0;;19;geen opleiding, gaan werken;HBO of WO;HBO of WO;;
2162;vmbo;man;2;3;;;17;MBO-BOL;MBO;HBO of WO;goed;ja
2163;vmbo;vrouw;3;3;;;18;MBO-BOL;havo of vwo;havo of vwo;goed;ja
2164;vmbo;man;4;3;;;18;overig;basisonderwijs;;;
2165;vmbo;vrouw;5;4;38.0;1200.0;17;geen opleiding, gaan werken;LBO of vmbo;LBO of vmbo;;
2166;vmbo;man;3;6;40.0;800.0;18;geen opleiding, gaan werken;LBO of vmbo;HBO of WO;;
2167;vmbo;vrouw;6;6;16.0;250.0;18;MBO-BOL;basisonderwijs;LBO of vmbo;redelijk;ja
2168;vmbo;vrouw;3;2;;;17;overig;HBO of WO;HBO of WO;;
2169;vmbo;vrouw;6;3;8.0;200.0;17;MBO-BOL;MBO;MBO;redelijk;ja
2170;vmbo;man;;;;;18;MBO-BBL;;;redelijk;
2171;vmbo;vrouw;4;1;;;17;havo;HBO of WO;HBO of WO;slecht;ja
2172;vmbo;man;4;5;32.0;820.0;19;geen opleiding, gaan werken;HBO of WO;HBO of WO;;
2173;vmbo;vrouw;5;1;;;17;overig;MBO;MBO;;
2174;vmbo;vrouw;4;4;11.0;200.0;17;overig;HBO of WO;MBO;;
2175;vmbo;vrouw;5;3;;;17;overig;MBO;MBO;;
2176;vmbo;man;5;4;8.0;250.0;17;MBO-BOL;;basisonderwijs;matig;ja
2177;vmbo;vrouw;4;4;;;17;overig;havo of vwo;LBO of vmbo;;
2178;vmbo;man;4;4;15.0;;17;overig;HBO of WO;HBO of WO;;
2179;vmbo;man;2;1;;;19;MBO-BOL;HBO of WO;LBO of vmbo;matig;ja
2180;vmbo;man;1;5;;;18;overig;HBO of WO;HBO of WO;;
2181;vmbo;vrouw;6;2;20.0;;17;MBO-BOL;LBO of vmbo;;matig;ja
2182;vmbo;vrouw;3;5;10.0;200.0;17;overig;HBO of WO;HBO of WO;;
2183;vmbo;vrouw;3;4;;;18;overig;HBO of WO;MBO;;
2184;vmbo;vrouw;4;4;10.0;;18;overig;havo of vwo;MBO;;
2185;vmbo;man;6;5;8.0;160.0;17;MBO-BOL;MBO;MBO;goed;ja
2186;vmbo;man;1;4;10.0;250.0;19;havo;LBO of vmbo;HBO of WO;goed;ja
2187;vmbo;vrouw;2;2;3.0;50.0;17;overig;HBO of WO;HBO of WO;;
2188;vmbo;man;3;3;8.0;400.0;18;overig;MBO;HBO of WO;;
2189;vmbo;man;3;3;5.0;220.0;18;havo;HBO of WO;MBO;goed;ja
2190;vmbo;vrouw;4;4;20.0;150.0;17;MBO-BOL;MBO;LBO of vmbo;goed;ja
2191;vmbo;man;4;4;5.0;;18;MBO-BOL;HBO of WO;HBO of WO;redelijk;ja
2192;vmbo;vrouw;5;2;10.0;200.0;17;havo;HBO of WO;MBO;redelijk;ja
2193;vmbo;vrouw;5;4;8.0;250.0;19;MBO-BOL;havo of vwo;LBO of vmbo;redelijk;ja
2194;vmbo;vrouw;4;3;;;19;MBO-BOL;HBO of WO;LBO of vmbo;goed;ja
2195;vmbo;vrouw;6;6;18.0;300.0;18;MBO-BOL;MBO;MBO;goed;nee, diploma behaald
2196;vmbo;vrouw;;;;;17;;;;;
2197;vmbo;vrouw;4;1;;;18;overig;MBO;MBO;;
2198;vmbo;vrouw;3;3;9.0;140.0;18;overig;HBO of WO;HBO of WO;;
2199;vmbo;vrouw;5;4;12.0;200.0;17;overig;HBO of WO;HBO of WO;;
2200;vmbo;vrouw;;;;;17;MBO-BBL;;;redelijk;ja
2201;vmbo;man;4;2;25.0;450.0;18;havo;havo of vwo;HBO of WO;goed;ja
2202;vmbo;vrouw;5;2;10.0;160.0;18;overig;MBO;MBO;;
2203;vmbo;man;3;3;;;17;MBO-BOL;HBO of WO;LBO of vmbo;goed;ja
2204;vmbo;man;4;2;;;17;MBO-BOL;HBO of WO;HBO of WO;redelijk;ja
2205;vmbo;man;6;2;32.0;1600.0;18;MBO-BBL;basisonderwijs;MBO;goed;ja
2206;vmbo;vrouw;5;3;10.0;250.0;18;MBO-BOL;MBO;MBO;slecht;ja
2207;vmbo;man;5;4;;;17;MBO-BOL;MBO;HBO of WO;goed;ja
2208;vmbo;man;4;2;32.0;650.0;17;MBO-BBL;havo of vwo;HBO of WO;goed;ja
2209;vmbo;vrouw;4;3;;;17;havo;MBO;HBO of WO;redelijk;ja
2210;vmbo;man;5;1;12.0;300.0;19;overig;LBO of vmbo;havo of vwo;;
2211;vmbo;vrouw;4;5;;;17;overig;HBO of WO;HBO of WO;;
2212;vmbo;vrouw;3;3;24.0;471.0;18;geen opleiding, gaan werken;MBO;MBO;;
2213;vmbo;man;1;2;;;17;MBO-BOL;MBO;MBO;redelijk;ja
2214;vmbo;vrouw;4;4;;;17;overig;HBO of WO;HBO of WO;;
2215;vmbo;man;4;5;40.0;1015.0;18;geen opleiding, gaan werken;LBO of vmbo;LBO of vmbo;;
2216;vmbo;vrouw;1;5;18.0;180.0;18;overig;MBO;HBO of WO;;
2217;vmbo;vrouw;4;3;12.0;165.0;17;overig;LBO of vmbo;MBO;;
2218;vmbo;vrouw;3;4;;;18;geen opleiding, gaan werken;LBO of vmbo;havo of vwo;;
2219;vmbo;man;5;5;;;18;MBO-BOL;havo of vwo;MBO;redelijk;ja
2220;vmbo;vrouw;3;4;6.0;100.0;18;havo;havo of vwo;HBO of WO;matig;ja
2221;vmbo;vrouw;4;4;;;19;overig;LBO of vmbo;HBO of WO;;
2222;vmbo;vrouw;;;;;18;overig;HBO of WO;HBO of WO;;
2223;vmbo;man;;;;;19;havo;;;redelijk;ja
2224;vmbo;vrouw;5;1;6.0;160.0;17;MBO-BOL;MBO;HBO of WO;goed;ja
2225;vmbo;man;4;1;;;18;MBO-BOL;MBO;LBO of vmbo;goed;ja
2226;vmbo;man;2;2;16.0;300.0;19;geen opleiding, gaan werken;LBO of vmbo;LBO of vmbo;;
2227;vmbo;vrouw;6;3;5.0;25.0;17;overig;LBO of vmbo;LBO of vmbo;;
2228;vmbo;vrouw;5;2;16.0;390.0;18;MBO-BOL;havo of vwo;LBO of vmbo;matig;ja
2229;vmbo;vrouw;4;3;;;17;MBO-BOL;havo of vwo;HBO of WO;goed;ja
2230;havo of vwo;man;;;;;18;;;;redelijk;
2231;havo of vwo;man;3;4;9.0;270.0;18;;HBO of WO;HBO of WO;redelijk;nee, gestopt
2232;havo of vwo;vrouw;3;6;24.0;500.0;19;;havo of vwo;HBO of WO;;
2233;havo of vwo;man;4;4;22.0;250.0;18;;HBO of WO;MBO;slecht;nee, gestopt
2234;havo of vwo;vrouw;4;5;;;18;;MBO;LBO of vmbo;redelijk;ja
2235;havo of vwo;vrouw;3;4;8.0;150.0;18;;LBO of vmbo;LBO of vmbo;redelijk;ja
2236;havo of vwo;vrouw;4;4;8.0;240.0;18;;HBO of WO;HBO of WO;redelijk;nee, gestopt
2237;havo of vwo;vrouw;6;2;3.0;80.0;18;;LBO of vmbo;LBO of vmbo;matig;ja
2238;havo of vwo;vrouw;4;4;;;19;;LBO of vmbo;havo of vwo;redelijk;ja
2239;havo of vwo;man;;;;;18;;;;;
2240;havo of vwo;vrouw;5;4;6.0;132.0;18;;LBO of vmbo;LBO of vmbo;goed;nee, gestopt
2241;havo of vwo;man;3;4;9.0;130.0;18;;HBO of WO;HBO of WO;goed;ja
2242;havo of vwo;man;;;;;18;;;;;
2243;havo of vwo;vrouw;4;4;6.0;120.0;18;;havo of vwo;HBO of WO;goed;ja
2244;havo of vwo;man;2;4;7.0;150.0;18;;MBO;HBO of WO;redelijk;ja
2245;havo of vwo;vrouw;6;2;12.0;200.0;18;;HBO of WO;HBO of WO;redelijk;nee, gestopt
2246;havo of vwo;vrouw;4;4;5.0;200.0;18;;MBO;MBO;redelijk;ja
2247;havo of vwo;vrouw;5;4;12.0;300.0;19;;MBO;MBO;redelijk;ja
2248;havo of vwo;vrouw;4;4;8.0;250.0;18;;HBO of WO;HBO of WO;goed;ja
2249;havo of vwo;vrouw;3;4;;;18;;HBO of WO;HBO of WO;;
2250;havo of vwo;man;5;4;15.0;300.0;18;;HBO of WO;HBO of WO;redelijk;nee, gestopt
2251;havo of vwo;man;5;4;10.0;160.0;19;;havo of vwo;havo of vwo;redelijk;ja
2252;havo of vwo;vrouw;4;5;27.0;500.0;18;;HBO of WO;LBO of vmbo;redelijk;nee, gestopt
2253;havo of vwo;vrouw;6;4;7.0;280.0;18;;HBO of WO;HBO of WO;goed;ja
2254;havo of vwo;man;5;3;13.0;230.0;18;;havo of vwo;havo of vwo;matig;nee, gestopt
2255;havo of vwo;vrouw;4;4;;;18;;LBO of vmbo;LBO of vmbo;redelijk;ja
2256;havo of vwo;vrouw;4;4;11.0;200.0;18;;LBO of vmbo;HBO of WO;goed;ja
2257;havo of vwo;man;5;4;6.0;120.0;18;;LBO of vmbo;MBO;goed;ja
2258;havo of vwo;man;6;3;6.0;150.0;18;;HBO of WO;HBO of WO;redelijk;nee, gestopt
2259;havo of vwo;man;4;3;;;18;;LBO of vmbo;LBO of vmbo;goed;ja
2260;havo of vwo;vrouw;4;6;;;18;;HBO of WO;HBO of WO;goed;ja
2261;havo of vwo;man;2;3;;;18;;HBO of WO;HBO of WO;redelijk;ja
2262;havo of vwo;man;3;5;14.0;250.0;18;;MBO;HBO of WO;slecht;nee, gestopt
2263;havo of vwo;man;5;5;5.0;150.0;18;;MBO;MBO;goed;ja
2264;havo of vwo;vrouw;4;5;;;18;;MBO;MBO;redelijk;ja
2265;havo of vwo;man;4;3;;;18;;havo of vwo;havo of vwo;redelijk;ja
2266;havo of vwo;man;5;4;17.0;500.0;18;;MBO;HBO of WO;redelijk;ja
2267;havo of vwo;vrouw;;;;;18;;;;;
2268;havo of vwo;man;3;5;5.0;150.0;18;;havo of vwo;basisonderwijs;redelijk;ja
2269;havo of vwo;man;6;3;;;18;;HBO of WO;HBO of WO;goed;ja
2270;havo of vwo;vrouw;3;4;6.0;120.0;18;;MBO;MBO;redelijk;ja
2271;havo of vwo;vrouw;5;3;6.0;150.0;18;;MBO;MBO;slecht;ja
2272;havo of vwo;vrouw;4;3;8.0;160.0;18;;MBO;MBO;matig;ja
2273;havo of vwo;vrouw;4;4;6.0;80.0;18;;LBO of vmbo;LBO of vmbo;redelijk;ja
2274;havo of vwo;man;6;2;11.0;130.0;18;;MBO;MBO;redelijk;ja
2275;havo of vwo;vrouw;2;5;6.0;200.0;18;;HBO of WO;HBO of WO;goed;ja
2276;havo of vwo;vrouw;4;4;8.0;200.0;18;;MBO;MBO;goed;ja
2277;havo of vwo;vrouw;6;5;;;18;;MBO;MBO;redelijk;ja
2278;havo of vwo;vrouw;4;6;6.0;190.0;18;;HBO of WO;MBO;;
2279;havo of vwo;man;5;4;;;18;;MBO;HBO of WO;matig;ja
2280;havo of vwo;vrouw;5;3;;;18;;MBO;HBO of WO;matig;ja
2281;havo of vwo;man;;;;;18;;;;;
2282;havo of vwo;vrouw;3;4;;;18;;HBO of WO;HBO of WO;;
2283;havo of vwo;man;;;;;17;;;;;
2284;havo of vwo;vrouw;5;3;8.0;200.0;18;;MBO;MBO;matig;nee, gestopt
2285;havo of vwo;vrouw;4;4;6.0;250.0;18;;HBO of WO;HBO of WO;redelijk;ja
2286;havo of vwo;vrouw;5;5;15.0;300.0;18;;basisonderwijs;LBO of vmbo;redelijk;ja
2287;havo of vwo;man;3;1;10.0;300.0;18;;LBO of vmbo;LBO of vmbo;slecht;ja
2288;havo of vwo;vrouw;4;4;7.0;100.0;18;;LBO of vmbo;LBO of vmbo;redelijk;ja
2289;havo of vwo;man;5;3;;;18;;MBO;MBO;redelijk;ja
2290;havo of vwo;vrouw;6;3;40.0;1150.0;18;;LBO of vmbo;LBO of vmbo;;
2291;havo of vwo;vrouw;4;5;7.0;134.0;18;;HBO of WO;HBO of WO;redelijk;ja
2292;havo of vwo;vrouw;5;4;;;18;;HBO of WO;HBO of WO;matig;ja
2293;havo of vwo;man;5;5;9.0;200.0;18;;HBO of WO;HBO of WO;;
2294;havo of vwo;vrouw;4;6;;;18;;basisonderwijs;MBO;goed;ja
2295;havo of vwo;vrouw;5;5;;;18;;HBO of WO;HBO of WO;redelijk;nee, gestopt
2296;havo of vwo;man;5;4;12.0;250.0;18;;HBO of WO;MBO;goed;ja
2297;havo of vwo;man;5;5;;;18;;havo of vwo;MBO;redelijk;ja
2298;havo of vwo;vrouw;3;4;20.0;;19;;HBO of WO;HBO of WO;goed;ja
2299;havo of vwo;vrouw;5;5;10.0;100.0;18;;MBO;MBO;redelijk;ja
2300;havo of vwo;vrouw;2;6;4.0;65.0;18;;LBO of vmbo;havo of vwo;redelijk;ja
2301;havo of vwo;vrouw;4;5;36.0;1100.0;18;;MBO;MBO;goed;ja
2302;havo of vwo;man;3;3;4.0;150.0;18;;HBO of WO;MBO;goed;ja
2303;havo of vwo;man;;;;;18;;;;;
2304;havo of vwo;vrouw;4;5;16.0;265.0;18;;MBO;HBO of WO;;
2305;havo of vwo;vrouw;2;4;5.0;90.0;18;;LBO of vmbo;MBO;redelijk;ja
2306;havo of vwo;man;5;4;11.0;320.0;18;;HBO of WO;MBO;redelijk;ja
2307;havo of vwo;vrouw;3;6;;;18;;HBO of WO;MBO;matig;ja
2308;havo of vwo;man;4;4;5.0;180.0;19;;havo of vwo;MBO;redelijk;ja
2309;havo of vwo;vrouw;5;3;10.0;200.0;18;;HBO of WO;HBO of WO;matig;ja
2310;havo of vwo;vrouw;6;3;4.0;77.0;18;;MBO;HBO of WO;goed;ja
2311;havo of vwo;vrouw;4;4;8.0;200.0;19;;MBO;MBO;goed;ja
2312;havo of vwo;vrouw;5;4;12.0;80.0;18;;MBO;MBO;goed;ja
2313;havo of vwo;man;6;4;;;19;;basisonderwijs;LBO of vmbo;redelijk;nee, gestopt
2314;havo of vwo;vrouw;5;4;8.0;200.0;18;;MBO;MBO;goed;ja
2315;havo of vwo;vrouw;5;5;11.0;240.0;18;;HBO of WO;MBO;goed;ja
2316;havo of vwo;vrouw;2;4;;;18;;LBO of vmbo;MBO;goed;ja
2317;havo of vwo;vrouw;4;6;;;19;;HBO of WO;HBO of WO;redelijk;ja
2318;havo of vwo;man;4;3;10.0;250.0;19;;havo of vwo;HBO of WO;matig;nee, gestopt
2319;havo of vwo;vrouw;4;5;;;19;;MBO;MBO;redelijk;ja
2320;havo of vwo;vrouw;4;4;;;19;;HBO of WO;havo of vwo;redelijk;nee, gestopt
2321;havo of vwo;man;4;4;6.0;200.0;19;;LBO of vmbo;basisonderwijs;goed;nee, gestopt
2322;havo of vwo;vrouw;4;4;16.0;300.0;17;;HBO of WO;MBO;matig;ja
2323;havo of vwo;man;4;4;;;18;;MBO;MBO;goed;nee, diploma behaald
2324;havo of vwo;vrouw;4;5;10.0;200.0;18;;LBO of vmbo;LBO of vmbo;redelijk;ja
2325;havo of vwo;vrouw;6;5;12.0;400.0;19;;HBO of WO;MBO;matig;ja
2326;havo of vwo;vrouw;6;4;;;20;;basisonderwijs;basisonderwijs;redelijk;ja
2327;havo of vwo;vrouw;4;2;15.0;500.0;19;;HBO of WO;HBO of WO;slecht;nee, gestopt
2328;havo of vwo;vrouw;6;6;24.0;600.0;19;;HBO of WO;MBO;matig;nee, gestopt
2329;havo of vwo;man;6;5;12.0;250.0;19;;MBO;MBO;redelijk;ja
2330;havo of vwo;vrouw;4;4;;;18;;MBO;MBO;goed;ja
2331;havo of vwo;vrouw;;;;;19;;;;;
2332;havo of vwo;vrouw;;;;;18;;;;;
2333;havo of vwo;man;4;4;8.0;150.0;18;;HBO of WO;MBO;redelijk;ja
2334;havo of vwo;vrouw;6;5;;;20;;HBO of WO;HBO of WO;;
2335;havo of vwo;man;4;4;16.0;360.0;18;;MBO;MBO;redelijk;ja
2336;havo of vwo;vrouw;4;4;12.0;300.0;18;;HBO of WO;HBO of WO;goed;ja
2337;havo of vwo;man;4;3;6.0;150.0;18;;LBO of vmbo;LBO of vmbo;redelijk;ja
2338;havo of vwo;vrouw;6;5;8.0;250.0;19;;havo of vwo;MBO;goed;ja
2339;havo of vwo;vrouw;4;5;4.0;80.0;18;;HBO of WO;LBO of vmbo;redelijk;ja
2340;havo of vwo;vrouw;5;4;;;18;;MBO;MBO;redelijk;ja
2341;havo of vwo;vrouw;5;3;12.0;250.0;19;;MBO;;;
2342;havo of vwo;man;5;3;12.0;250.0;18;;HBO of WO;HBO of WO;redelijk;nee, gestopt
2343;havo of vwo;man;5;4;8.0;150.0;18;;LBO of vmbo;MBO;redelijk;ja
2344;havo of vwo;vrouw;4;3;16.0;200.0;18;;MBO;MBO;redelijk;ja
2345;havo of vwo;vrouw;;;;;18;;;;redelijk;
2346;havo of vwo;vrouw;4;6;4.0;100.0;18;;HBO of WO;LBO of vmbo;goed;ja
2347;havo of vwo;vrouw;5;5;;;18;;HBO of WO;LBO of vmbo;redelijk;ja
2348;havo of vwo;man;4;4;10.0;300.0;19;;HBO of WO;HBO of WO;redelijk;ja
2349;havo of vwo;man;5;5;;;19;;MBO;MBO;matig;nee, gestopt
2350;havo of vwo;man;3;5;8.0;225.0;18;;HBO of WO;HBO of WO;redelijk;ja
2351;havo of vwo;man;5;4;;;18;;MBO;MBO;goed;ja
2352;havo of vwo;vrouw;4;5;5.0;200.0;18;;MBO;HBO of WO;redelijk;nee, gestopt
2353;havo of vwo;vrouw;5;3;7.0;300.0;19;;MBO;LBO of vmbo;redelijk;ja
2354;havo of vwo;vrouw;5;5;10.0;175.0;18;;MBO;MBO;goed;ja
2355;havo of vwo;man;3;3;10.0;120.0;18;;MBO;MBO;goed;ja
2356;havo of vwo;vrouw;4;3;6.0;120.0;17;;HBO of WO;LBO of vmbo;goed;ja
2357;havo of vwo;vrouw;3;4;12.0;250.0;20;;MBO;MBO;goed;ja
2358;havo of vwo;vrouw;2;5;8.0;100.0;18;;MBO;HBO of WO;goed;ja
2359;havo of vwo;vrouw;5;4;7.0;250.0;18;;HBO of WO;HBO of WO;redelijk;ja
2360;havo of vwo;man;4;3;;;17;;LBO of vmbo;LBO of vmbo;redelijk;ja
2361;havo of vwo;vrouw;3;3;9.0;300.0;18;;HBO of WO;HBO of WO;goed;ja
2362;havo of vwo;vrouw;4;5;12.0;300.0;18;;MBO;LBO of vmbo;goed;ja
2363;havo of vwo;vrouw;3;4;;;19;;MBO;MBO;;
2364;havo of vwo;man;4;4;13.0;160.0;18;;basisonderwijs;basisonderwijs;matig;ja
2365;havo of vwo;vrouw;6;4;13.0;250.0;18;;HBO of WO;HBO of WO;matig;ja
2366;havo of vwo;vrouw;2;2;8.0;350.0;19;;LBO of vmbo;basisonderwijs;goed;ja
2367;havo of vwo;vrouw;4;4;10.0;150.0;18;;HBO of WO;HBO of WO;goed;ja
2368;havo of vwo;vrouw;3;4;8.0;300.0;18;;MBO;MBO;redelijk;ja
2369;havo of vwo;man;2;5;;;18;;;;redelijk;nee, gestopt
2370;havo of vwo;man;;;;;18;;;;;
2371;havo of vwo;man;4;3;15.0;1000.0;19;;MBO;HBO of WO;;
2372;havo of vwo;man;2;5;9.0;250.0;19;;HBO of WO;HBO of WO;redelijk;ja
2373;havo of vwo;vrouw;3;3;4.0;67.0;18;;LBO of vmbo;LBO of vmbo;redelijk;ja
2374;havo of vwo;vrouw;3;4;10.0;200.0;18;;HBO of WO;HBO of WO;redelijk;ja
2375;havo of vwo;vrouw;5;6;;;19;;MBO;MBO;redelijk;ja
2376;havo of vwo;vrouw;5;4;6.0;6.0;19;;MBO;HBO of WO;goed;ja
2377;havo of vwo;vrouw;;;8.0;100.0;19;;;;slecht;nee, gestopt
2378;havo of vwo;man;2;3;;;19;;MBO;HBO of WO;matig;ja
2379;havo of vwo;vrouw;6;5;;;18;;MBO;MBO;redelijk;nee, gestopt
2380;havo of vwo;man;4;3;12.0;275.0;19;;HBO of WO;HBO of WO;redelijk;nee, gestopt
2381;havo of vwo;vrouw;3;4;30.0;250.0;20;;MBO;HBO of WO;redelijk;ja
2382;havo of vwo;vrouw;4;3;15.0;300.0;19;;HBO of WO;HBO of WO;goed;ja
2383;havo of vwo;vrouw;6;6;;;19;;HBO of WO;HBO of WO;goed;ja
2384;havo of vwo;vrouw;3;4;10.0;230.0;18;;havo of vwo;MBO;redelijk;ja
2385;havo of vwo;man;4;3;;;19;;HBO of WO;HBO of WO;goed;nee, gestopt
2386;havo of vwo;man;5;2;20.0;550.0;18;;HBO of WO;MBO;matig;ja
2387;havo of vwo;vrouw;5;3;5.0;50.0;18;;MBO;HBO of WO;;
2388;havo of vwo;vrouw;7;3;6.0;150.0;18;;HBO of WO;HBO of WO;goed;ja
2389;havo of vwo;vrouw;;;;;18;;;;;
2390;havo of vwo;vrouw;4;4;;;19;;MBO;HBO of WO;redelijk;nee, gestopt
2391;havo of vwo;man;;;;;18;;;;goed;
2392;havo of vwo;man;5;4;40.0;150.0;19;;HBO of WO;HBO of WO;redelijk;ja
2393;havo of vwo;man;6;4;15.0;290.0;18;;MBO;havo of vwo;goed;ja
2394;havo of vwo;man;4;2;20.0;400.0;19;;MBO;havo of vwo;redelijk;ja
2395;havo of vwo;man;7;4;20.0;400.0;19;;MBO;MBO;goed;ja
2396;havo of vwo;vrouw;5;5;8.0;140.0;18;;LBO of vmbo;LBO of vmbo;matig;ja
2397;havo of vwo;vrouw;;;;;18;;;;;
2398;havo of vwo;vrouw;5;4;10.0;200.0;18;;MBO;MBO;redelijk;ja
2399;havo of vwo;vrouw;4;4;;;18;;MBO;MBO;redelijk;nee, gestopt
2400;havo of vwo;vrouw;4;3;8.0;90.0;18;;MBO;HBO of WO;goed;ja
2401;havo of vwo;vrouw;3;4;18.0;350.0;19;;havo of vwo;havo of vwo;goed;ja
2402;havo of vwo;vrouw;3;5;5.0;150.0;19;;HBO of WO;HBO of WO;redelijk;nee, gestopt
2403;havo of vwo;vrouw;4;3;10.0;180.0;18;;MBO;MBO;goed;ja
2404;havo of vwo;man;2;5;7.0;150.0;18;;MBO;HBO of WO;redelijk;ja
2405;havo of vwo;vrouw;;;;;17;;;;;
2406;havo of vwo;man;4;5;;;19;;MBO;MBO;goed;ja
2407;havo of vwo;vrouw;;;;;19;;;;;
2408;havo of vwo;vrouw;2;3;8.0;200.0;18;;basisonderwijs;MBO;goed;nee, diploma behaald
2409;havo of vwo;vrouw;3;4;10.0;200.0;18;;HBO of WO;HBO of WO;goed;ja
2410;havo of vwo;vrouw;5;5;8.0;160.0;19;;HBO of WO;MBO;redelijk;ja
2411;havo of vwo;vrouw;;;;;20;;;;;
2412;havo of vwo;vrouw;;;;;19;;;;;
2413;havo of vwo;man;4;3;;;18;;HBO of WO;HBO of WO;redelijk;ja
2414;havo of vwo;man;3;3;8.0;250.0;19;;LBO of vmbo;MBO;redelijk;ja
2415;havo of vwo;vrouw;4;5;8.0;180.0;19;;HBO of WO;HBO of WO;redelijk;ja
2416;havo of vwo;vrouw;4;4;;;19;;LBO of vmbo;HBO of WO;goed;nee, diploma behaald
2417;havo of vwo;man;4;3;8.0;;19;;HBO of WO;HBO of WO;goed;ja
2418;havo of vwo;vrouw;5;5;10.0;;19;;HBO of WO;HBO of WO;redelijk;ja
2419;havo of vwo;vrouw;;;;;19;;;;redelijk;
2420;havo of vwo;vrouw;;;;;19;;;;;
2421;havo of vwo;man;2;1;4.0;200.0;18;;LBO of vmbo;LBO of vmbo;goed;ja
2422;havo of vwo;vrouw;5;4;8.0;200.0;19;;HBO of WO;MBO;goed;nee, gestopt
2423;havo of vwo;man;1;3;;;18;;HBO of WO;HBO of WO;;
2424;havo of vwo;vrouw;2;3;25.0;500.0;18;;MBO;LBO of vmbo;redelijk;ja
2425;havo of vwo;vrouw;5;4;4.0;160.0;19;;HBO of WO;HBO of WO;redelijk;ja
2426;havo of vwo;vrouw;3;4;;;20;;HBO of WO;HBO of WO;redelijk;ja
2427;havo of vwo;man;4;4;12.0;500.0;19;;MBO;HBO of WO;redelijk;ja
2428;havo of vwo;man;5;4;8.0;400.0;19;;MBO;MBO;redelijk;ja
2429;havo of vwo;vrouw;;;;;17;;;;;
2430;havo of vwo;vrouw;2;1;10.0;200.0;19;;HBO of WO;HBO of WO;goed;ja
2431;havo of vwo;man;1;4;12.0;300.0;19;;HBO of WO;HBO of WO;goed;ja
2432;havo of vwo;vrouw;5;6;5.0;155.0;19;;HBO of WO;HBO of WO;goed;ja
2433;havo of vwo;vrouw;4;4;10.0;100.0;20;;HBO of WO;HBO of WO;goed;ja
2434;havo of vwo;vrouw;2;4;15.0;500.0;19;;MBO;MBO;redelijk;ja
2435;havo of vwo;man;6;5;;;19;;HBO of WO;HBO of WO;matig;ja
2436;havo of vwo;man;5;4;;;19;;HBO of WO;LBO of vmbo;redelijk;ja
2437;havo of vwo;vrouw;3;6;13.0;200.0;19;;LBO of vmbo;LBO of vmbo;goed;nee, gestopt
2438;havo of vwo;vrouw;4;2;12.0;300.0;19;;havo of vwo;basisonderwijs;matig;ja
2439;havo of vwo;vrouw;4;4;12.0;220.0;19;;LBO of vmbo;LBO of vmbo;redelijk;ja
2440;havo of vwo;vrouw;2;5;12.0;250.0;20;;MBO;HBO of WO;redelijk;ja
2441;havo of vwo;vrouw;5;5;10.0;8.0;19;;MBO;HBO of WO;;
2442;havo of vwo;vrouw;5;5;;;19;;HBO of WO;HBO of WO;redelijk;ja
2443;havo of vwo;vrouw;4;5;;;19;;MBO;HBO of WO;goed;ja
2444;havo of vwo;vrouw;4;4;;;19;;HBO of WO;HBO of WO;;
2445;havo of vwo;vrouw;;;;;19;;;;;
2446;havo of vwo;man;5;5;6.0;130.0;19;;MBO;MBO;goed;ja
2447;havo of vwo;vrouw;5;4;6.0;125.0;18;;HBO of WO;HBO of WO;goed;ja
2448;havo of vwo;man;5;4;;;19;;HBO of WO;HBO of WO;redelijk;ja
2449;havo of vwo;vrouw;6;6;;;19;;MBO;HBO of WO;redelijk;ja
2450;havo of vwo;vrouw;5;4;;;19;;HBO of WO;HBO of WO;redelijk;ja
2451;havo of vwo;vrouw;3;4;;;19;;havo of vwo;HBO of WO;redelijk;ja
2452;havo of vwo;man;6;3;12.0;450.0;20;;LBO of vmbo;basisonderwijs;;
2453;havo of vwo;man;6;5;16.0;420.0;19;;MBO;MBO;goed;ja
2454;havo of vwo;vrouw;;;;;19;;;;;
2455;havo of vwo;man;3;4;10.0;300.0;20;;MBO;HBO of WO;redelijk;ja
2456;havo of vwo;man;2;4;;;20;;HBO of WO;HBO of WO;matig;ja
2457;havo of vwo;vrouw;4;4;6.0;150.0;18;;MBO;MBO;matig;nee, gestopt
2458;havo of vwo;vrouw;5;6;7.0;120.0;18;;HBO of WO;HBO of WO;matig;ja
2459;havo of vwo;vrouw;4;5;8.0;220.0;18;;HBO of WO;HBO of WO;redelijk;ja
2460;havo of vwo;man;5;1;8.0;100.0;18;;LBO of vmbo;HBO of WO;goed;ja
2461;havo of vwo;man;6;6;3.0;100.0;19;;MBO;MBO;goed;ja
2462;havo of vwo;vrouw;5;4;;;18;;LBO of vmbo;MBO;goed;ja
2463;havo of vwo;vrouw;4;3;10.0;300.0;19;;MBO;havo of vwo;goed;ja
2464;havo of vwo;vrouw;6;4;16.0;300.0;19;;HBO of WO;HBO of WO;goed;ja
2465;havo of vwo;vrouw;2;4;4.0;;18;;MBO;HBO of WO;matig;ja
2466;havo of vwo;vrouw;;;;;19;;;;redelijk;
2467;havo of vwo;vrouw;5;4;20.0;400.0;19;;LBO of vmbo;LBO of vmbo;;
2468;havo of vwo;vrouw;4;4;;;19;;HBO of WO;MBO;goed;ja
2469;havo of vwo;vrouw;;;;;18;;;;;
2470;havo of vwo;vrouw;4;4;;;19;;MBO;LBO of vmbo;matig;nee, gestopt
2471;havo of vwo;vrouw;5;4;5.0;100.0;18;;MBO;MBO;goed;ja
2472;havo of vwo;vrouw;3;3;12.0;350.0;18;;MBO;HBO of WO;matig;ja
2473;havo of vwo;vrouw;6;4;15.0;210.0;19;;havo of vwo;HBO of WO;goed;ja
2474;havo of vwo;vrouw;5;5;8.0;300.0;20;;MBO;MBO;redelijk;ja
2475;havo of vwo;vrouw;4;4;;;19;;LBO of vmbo;LBO of vmbo;redelijk;ja
2476;havo of vwo;man;4;2;10.0;240.0;19;;MBO;MBO;matig;ja
2477;havo of vwo;vrouw;;;;;18;;;;;
2478;havo of vwo;man;2;4;45.0;1200.0;19;;LBO of vmbo;MBO;redelijk;nee, gestopt
2479;havo of vwo;vrouw;5;5;;;19;;MBO;MBO;redelijk;ja
2480;havo of vwo;vrouw;2;4;;;19;;HBO of WO;HBO of WO;matig;ja
2481;havo of vwo;vrouw;4;5;15.0;400.0;18;;MBO;MBO;goed;ja
2482;havo of vwo;vrouw;4;5;12.0;240.0;18;;basisonderwijs;MBO;goed;ja
2483;havo of vwo;man;4;4;;;19;;HBO of WO;HBO of WO;redelijk;ja
2484;havo of vwo;man;3;4;3.0;90.0;19;;HBO of WO;HBO of WO;slecht;ja
2485;havo of vwo;man;;;;;19;;;;;
2486;havo of vwo;man;2;2;10.0;350.0;18;;HBO of WO;MBO;goed;ja
2487;havo of vwo;vrouw;6;3;12.0;230.0;19;;MBO;LBO of vmbo;redelijk;ja
2488;havo of vwo;vrouw;6;6;;;18;;MBO;havo of vwo;matig;ja
2489;havo of vwo;vrouw;3;6;13.0;380.0;19;;MBO;MBO;goed;ja
2490;havo of vwo;man;5;5;;;19;;HBO of WO;HBO of WO;redelijk;ja
2491;havo of vwo;man;5;5;6.0;108.0;19;;HBO of WO;HBO of WO;matig;ja
2492;havo of vwo;vrouw;5;4;;;18;;HBO of WO;HBO of WO;;
2493;havo of vwo;vrouw;4;4;;;18;;MBO;HBO of WO;matig;ja
2494;havo of vwo;vrouw;7;4;7.0;353.0;19;;HBO of WO;HBO of WO;goed;ja
2495;havo of vwo;man;4;4;16.0;400.0;19;;MBO;HBO of WO;goed;ja
2496;havo of vwo;vrouw;6;6;;;20;;MBO;HBO of WO;;
2497;havo of vwo;man;5;4;6.0;200.0;18;;HBO of WO;HBO of WO;goed;ja
2498;havo of vwo;man;4;4;;;20;;MBO;MBO;matig;ja
2499;havo of vwo;vrouw;6;6;7.0;250.0;19;;HBO of WO;MBO;matig;nee, gestopt
2500;havo of vwo;man;4;4;7.0;130.0;19;;MBO;HBO of WO;redelijk;ja
2501;havo of vwo;vrouw;4;4;;;18;;HBO of WO;MBO;;
2502;havo of vwo;vrouw;4;4;;;19;;HBO of WO;HBO of WO;;
2503;havo of vwo;man;5;3;;;18;;HBO of WO;MBO;goed;ja
2504;havo of vwo;man;4;4;10.0;200.0;19;;MBO;LBO of vmbo;goed;ja
2505;havo of vwo;man;1;3;;;18;;HBO of WO;HBO of WO;matig;ja
2506;havo of vwo;vrouw;3;7;;;19;;MBO;LBO of vmbo;;
2507;havo of vwo;vrouw;;;;;19;;;;;
2508;havo of vwo;man;;;;;20;;;;;
2509;havo of vwo;vrouw;3;4;;;20;;HBO of WO;HBO of WO;redelijk;ja
2510;havo of vwo;vrouw;6;5;;;20;;HBO of WO;HBO of WO;redelijk;ja
2511;havo of vwo;man;5;5;6.0;240.0;20;;HBO of WO;HBO of WO;goed;ja
2512;havo of vwo;man;3;3;14.0;550.0;19;;HBO of WO;HBO of WO;redelijk;ja
2513;havo of vwo;man;4;3;;;20;;havo of vwo;HBO of WO;redelijk;nee, gestopt
2514;havo of vwo;vrouw;6;5;8.0;300.0;20;;LBO of vmbo;MBO;redelijk;ja
2515;havo of vwo;man;;;;;21;;;;;
2516;havo of vwo;man;;;;;20;;;;;
2517;havo of vwo;vrouw;4;5;;;20;;MBO;MBO;redelijk;ja
2518;havo of vwo;vrouw;4;3;;;20;;HBO of WO;HBO of WO;goed;ja
2519;havo of vwo;man;4;3;10.0;250.0;20;;HBO of WO;HBO of WO;goed;nee, gestopt
2520;havo of vwo;vrouw;2;2;;;20;;HBO of WO;HBO of WO;;
2521;havo of vwo;vrouw;5;6;10.0;60.0;18;;MBO;MBO;redelijk;ja
2522;havo of vwo;vrouw;6;6;;;19;;MBO;MBO;goed;ja
2523;havo of vwo;vrouw;;;;;18;;;;matig;
2524;havo of vwo;vrouw;5;4;10.0;160.0;18;;havo of vwo;LBO of vmbo;;ja
2525;havo of vwo;man;3;5;8.0;140.0;18;;MBO;havo of vwo;redelijk;ja
2526;havo of vwo;man;2;3;15.0;400.0;20;;MBO;havo of vwo;redelijk;ja
2527;havo of vwo;vrouw;4;4;9.0;150.0;18;;havo of vwo;;redelijk;ja
2528;havo of vwo;man;;;8.0;250.0;18;;;;matig;ja
2529;havo of vwo;vrouw;4;5;7.0;100.0;18;;HBO of WO;LBO of vmbo;slecht;ja
2530;havo of vwo;vrouw;4;4;10.0;250.0;18;;LBO of vmbo;LBO of vmbo;redelijk;ja
2531;havo of vwo;man;4;3;6.0;200.0;18;;MBO;MBO;goed;ja
2532;havo of vwo;vrouw;;;;;19;;;;;
2533;havo of vwo;man;5;5;30.0;52.0;18;;MBO;MBO;matig;ja
2534;havo of vwo;vrouw;5;5;;;18;;;;redelijk;ja
2535;havo of vwo;vrouw;4;2;16.0;400.0;18;;HBO of WO;HBO of WO;redelijk;ja
2536;havo of vwo;man;3;4;9.0;672.0;19;;MBO;LBO of vmbo;matig;nee, gestopt
2537;havo of vwo;man;3;2;;;19;;HBO of WO;HBO of WO;redelijk;ja
2538;havo of vwo;vrouw;;;;;18;;;;;
2539;havo of vwo;vrouw;4;5;6.0;150.0;18;;MBO;HBO of WO;goed;ja
2540;havo of vwo;vrouw;2;3;32.0;300.0;18;;LBO of vmbo;MBO;redelijk;ja
2541;havo of vwo;man;4;2;4.0;100.0;19;;HBO of WO;HBO of WO;redelijk;ja
2542;havo of vwo;vrouw;5;5;6.0;120.0;19;;MBO;HBO of WO;;
2543;havo of vwo;vrouw;6;4;3.0;;17;;MBO;HBO of WO;redelijk;ja
2544;havo of vwo;man;3;3;12.0;320.0;18;;MBO;MBO;goed;nee, gestopt
2545;havo of vwo;vrouw;4;2;8.0;190.0;19;;HBO of WO;HBO of WO;goed;ja
2546;havo of vwo;vrouw;4;3;18.0;550.0;18;;havo of vwo;LBO of vmbo;;
2547;havo of vwo;man;6;4;;;18;;HBO of WO;HBO of WO;matig;ja
2548;havo of vwo;vrouw;5;3;8.0;150.0;19;;HBO of WO;HBO of WO;goed;ja
2549;havo of vwo;vrouw;3;3;;;19;;HBO of WO;HBO of WO;matig;ja
2550;havo of vwo;vrouw;6;6;10.0;115.0;18;;havo of vwo;MBO;goed;ja
2551;havo of vwo;vrouw;;;7.0;;18;;HBO of WO;HBO of WO;goed;ja
2552;havo of vwo;vrouw;5;4;10.0;200.0;18;;MBO;MBO;redelijk;ja
2553;havo of vwo;vrouw;4;4;10.0;300.0;19;;MBO;LBO of vmbo;goed;ja
2554;havo of vwo;man;;;;;19;;;;;
2555;havo of vwo;man;3;3;8.0;;18;;MBO;MBO;redelijk;ja
2556;havo of vwo;man;;;;;18;;;;redelijk;
2557;havo of vwo;man;6;3;;;18;;MBO;HBO of WO;redelijk;ja
2558;havo of vwo;vrouw;6;4;60.0;180.0;20;;HBO of WO;HBO of WO;goed;ja
2559;havo of vwo;vrouw;5;5;12.0;220.0;18;;MBO;havo of vwo;goed;ja
2560;havo of vwo;vrouw;5;3;;;19;;MBO;HBO of WO;redelijk;ja
2561;havo of vwo;vrouw;6;5;1.0;;20;;MBO;HBO of WO;goed;ja
2562;havo of vwo;man;4;3;8.0;100.0;21;;MBO;MBO;matig;nee, gestopt
2563;havo of vwo;man;4;4;2.0;50.0;20;;HBO of WO;HBO of WO;redelijk;ja
2564;havo of vwo;man;5;4;;;20;;MBO;HBO of WO;goed;ja
2565;havo of vwo;vrouw;3;4;;;18;;LBO of vmbo;HBO of WO;redelijk;ja
2566;havo of vwo;vrouw;5;4;12.0;200.0;18;;HBO of WO;HBO of WO;goed;ja
2567;havo of vwo;vrouw;3;3;6.0;100.0;18;;LBO of vmbo;MBO;redelijk;ja
2568;havo of vwo;vrouw;4;4;15.0;5.0;18;;MBO;HBO of WO;goed;ja
2569;havo of vwo;vrouw;3;3;16.0;250.0;19;;HBO of WO;HBO of WO;redelijk;ja
2570;havo of vwo;man;5;4;10.0;260.0;18;;HBO of WO;MBO;redelijk;ja
2571;havo of vwo;man;5;4;;;19;;HBO of WO;HBO of WO;;
2572;havo of vwo;vrouw;4;6;9.0;250.0;18;;HBO of WO;LBO of vmbo;goed;ja
2573;havo of vwo;man;;;;;18;;;;goed;
2574;havo of vwo;man;;;;;18;;;;slecht;
2575;havo of vwo;vrouw;;;12.0;260.0;18;;HBO of WO;HBO of WO;redelijk;ja
2576;havo of vwo;man;1;1;1.0;60.0;18;;HBO of WO;HBO of WO;redelijk;ja
2577;havo of vwo;vrouw;4;4;;;20;;havo of vwo;HBO of WO;redelijk;ja
2578;havo of vwo;man;3;3;32.0;1000.0;19;;HBO of WO;HBO of WO;slecht;nee, gestopt
2579;havo of vwo;man;3;3;;;20;;HBO of WO;HBO of WO;goed;ja
2580;havo of vwo;man;2;5;;;21;;MBO;LBO of vmbo;goed;ja
2581;havo of vwo;vrouw;5;6;10.0;310.0;20;;MBO;MBO;redelijk;nee, gestopt
2582;havo of vwo;vrouw;;;;;19;;;;goed;
2583;havo of vwo;man;3;3;10.0;300.0;18;;MBO;HBO of WO;redelijk;ja
2584;havo of vwo;man;4;4;20.0;500.0;18;;HBO of WO;LBO of vmbo;goed;ja
2585;havo of vwo;vrouw;;;;;19;;;;;
2586;havo of vwo;man;2;3;5.0;140.0;19;;HBO of WO;MBO;redelijk;ja
2587;havo of vwo;vrouw;3;5;1.0;70.0;20;;HBO of WO;HBO of WO;goed;ja
2588;havo of vwo;vrouw;3;4;6.0;300.0;20;;;;slecht;nee, gestopt
2589;havo of vwo;man;6;3;4.0;80.0;20;;havo of vwo;havo of vwo;redelijk;ja
2590;havo of vwo;man;4;3;10.0;500.0;20;;HBO of WO;HBO of WO;goed;ja
2591;havo of vwo;man;2;4;;;19;;HBO of WO;HBO of WO;redelijk;ja
2592;havo of vwo;man;3;2;8.0;320.0;19;;HBO of WO;HBO of WO;goed;ja
2593;havo of vwo;vrouw;4;5;15.0;450.0;19;;LBO of vmbo;LBO of vmbo;goed;ja
2594;havo of vwo;man;3;3;4.0;120.0;19;;havo of vwo;havo of vwo;redelijk;ja
2595;havo of vwo;vrouw;4;5;22.0;500.0;17;;;;;nee, gestopt
2596;havo of vwo;vrouw;3;4;12.0;110.0;19;;HBO of WO;HBO of WO;matig;ja
2597;havo of vwo;vrouw;5;3;8.0;160.0;19;;MBO;HBO of WO;redelijk;ja
2598;havo of vwo;man;3;4;;;19;;HBO of WO;HBO of WO;goed;ja
2599;havo of vwo;man;2;4;8.0;192.0;19;;MBO;LBO of vmbo;goed;ja
2600;havo of vwo;man;6;6;;;19;;MBO;MBO;redelijk;nee, diploma behaald
2601;havo of vwo;man;4;4;;;19;;HBO of WO;HBO of WO;goed;ja
2602;havo of vwo;man;4;4;10.0;100.0;20;;MBO;HBO of WO;redelijk;ja
2603;havo of vwo;vrouw;4;3;4.0;186.0;20;;LBO of vmbo;MBO;goed;ja
2604;havo of vwo;vrouw;5;6;;;20;;havo of vwo;LBO of vmbo;redelijk;ja
2605;havo of vwo;vrouw;3;3;10.0;350.0;19;;HBO of WO;LBO of vmbo;redelijk;ja
2606;havo of vwo;man;4;4;7.0;250.0;20;;HBO of WO;HBO of WO;redelijk;ja
2607;havo of vwo;vrouw;;;;;20;;;;;
2608;havo of vwo;vrouw;3;4;;;20;;MBO;HBO of WO;redelijk;ja
2609;havo of vwo;vrouw;6;6;8.0;180.0;20;;MBO;HBO of WO;matig;ja
2610;havo of vwo;vrouw;4;4;;;20;;HBO of WO;HBO of WO;matig;ja
2611;havo of vwo;vrouw;5;5;6.0;200.0;20;;MBO;HBO of WO;goed;ja
2612;havo of vwo;vrouw;4;3;;;20;;MBO;HBO of WO;redelijk;ja
2613;havo of vwo;vrouw;3;5;7.0;70.0;20;;HBO of WO;HBO of WO;goed;ja
2614;havo of vwo;vrouw;5;4;;;20;;MBO;MBO;redelijk;ja
2615;havo of vwo;man;3;3;7.0;200.0;20;;MBO;LBO of vmbo;redelijk;ja
2616;havo of vwo;vrouw;7;6;5.0;50.0;20;;HBO of WO;HBO of WO;;
2617;havo of vwo;vrouw;4;4;2.0;150.0;20;;HBO of WO;HBO of WO;goed;ja
2618;havo of vwo;vrouw;5;3;20.0;400.0;20;;MBO;MBO;matig;nee, gestopt
2619;havo of vwo;vrouw;4;5;8.0;150.0;19;;havo of vwo;basisonderwijs;redelijk;ja
2620;havo of vwo;man;3;4;;;20;;HBO of WO;HBO of WO;goed;ja
2621;havo of vwo;vrouw;3;5;12.0;350.0;19;;HBO of WO;HBO of WO;redelijk;nee, gestopt
2622;havo of vwo;vrouw;3;3;;;20;;HBO of WO;HBO of WO;goed;ja
2623;havo of vwo;vrouw;;;12.0;700.0;20;;MBO;HBO of WO;matig;ja
2624;havo of vwo;man;;;;;19;;;;;
2625;havo of vwo;man;4;4;4.0;180.0;20;;MBO;HBO of WO;goed;ja
2626;havo of vwo;man;4;3;8.0;125.0;20;;MBO;MBO;redelijk;ja
2627;havo of vwo;vrouw;3;4;8.0;;20;;HBO of WO;HBO of WO;redelijk;ja
2628;havo of vwo;vrouw;4;4;30.0;;20;;LBO of vmbo;MBO;goed;ja
2629;havo of vwo;man;6;2;15.0;250.0;20;;HBO of WO;HBO of WO;goed;ja
2630;havo of vwo;vrouw;4;3;9.0;400.0;20;;LBO of vmbo;havo of vwo;goed;ja
2631;havo of vwo;vrouw;4;3;;;20;;HBO of WO;HBO of WO;goed;ja
2632;havo of vwo;vrouw;3;5;10.0;275.0;20;;LBO of vmbo;LBO of vmbo;matig;ja
2633;havo of vwo;vrouw;3;4;16.0;98.0;20;;MBO;HBO of WO;goed;ja
2634;havo of vwo;man;5;4;15.0;600.0;21;;havo of vwo;MBO;goed;ja
2635;havo of vwo;vrouw;1;5;4.0;300.0;20;;HBO of WO;HBO of WO;;
2636;havo of vwo;vrouw;4;6;;;19;;HBO of WO;HBO of WO;redelijk;ja
2637;havo of vwo;vrouw;5;3;12.0;350.0;19;;LBO of vmbo;HBO of WO;goed;ja
2638;havo of vwo;vrouw;4;5;7.0;140.0;19;;HBO of WO;HBO of WO;goed;ja
2639;havo of vwo;man;3;5;8.0;400.0;19;;HBO of WO;HBO of WO;redelijk;ja
2640;havo of vwo;vrouw;6;5;12.0;150.0;19;;havo of vwo;havo of vwo;redelijk;ja
2641;havo of vwo;vrouw;5;4;10.0;300.0;20;;MBO;HBO of WO;goed;ja
2642;havo of vwo;man;5;2;;;18;;HBO of WO;HBO of WO;redelijk;ja
2643;havo of vwo;vrouw;;;;;20;;;;matig;
2644;havo of vwo;vrouw;4;4;;;19;;HBO of WO;HBO of WO;goed;ja
2645;havo of vwo;vrouw;6;5;;;19;;HBO of WO;HBO of WO;redelijk;ja
2646;havo of vwo;man;4;4;;;18;;havo of vwo;HBO of WO;goed;ja
2647;havo of vwo;vrouw;3;5;8.0;220.0;19;;HBO of WO;HBO of WO;redelijk;ja
2648;havo of vwo;vrouw;5;5;9.0;200.0;19;;HBO of WO;HBO of WO;matig;ja
2649;havo of vwo;man;2;4;;;20;;MBO;HBO of WO;matig;ja
2650;havo of vwo;vrouw;1;3;4.0;90.0;19;;HBO of WO;MBO;goed;ja
2651;havo of vwo;vrouw;5;5;;;19;;LBO of vmbo;LBO of vmbo;goed;ja
2652;havo of vwo;vrouw;;;;;19;;;;matig;
2653;havo of vwo;vrouw;4;4;;;19;;HBO of WO;HBO of WO;goed;ja
2654;havo of vwo;man;3;2;;;19;;HBO of WO;HBO of WO;matig;ja
2655;havo of vwo;vrouw;4;5;;;19;;MBO;HBO of WO;goed;ja
2656;havo of vwo;vrouw;5;5;;;19;;MBO;HBO of WO;goed;ja
2657;havo of vwo;man;;;;;19;;;;redelijk;
2658;havo of vwo;vrouw;;;;;19;;;;matig;
2659;havo of vwo;man;3;3;;;20;;HBO of WO;HBO of WO;redelijk;nee, gestopt
2660;havo of vwo;vrouw;5;5;;;19;;HBO of WO;HBO of WO;goed;ja
2661;havo of vwo;man;;;;;20;;;;;
2662;havo of vwo;vrouw;7;6;;;19;;HBO of WO;HBO of WO;;
2663;havo of vwo;vrouw;5;5;13.0;230.0;19;;HBO of WO;MBO;redelijk;ja
2664;havo of vwo;vrouw;4;5;14.0;300.0;19;;MBO;MBO;goed;ja
2665;havo of vwo;vrouw;4;5;20.0;600.0;19;;basisonderwijs;HBO of WO;;
2666;havo of vwo;man;5;4;5.0;240.0;18;;HBO of WO;HBO of WO;goed;ja
2667;havo of vwo;vrouw;4;5;12.0;500.0;19;;HBO of WO;LBO of vmbo;goed;ja
2668;havo of vwo;man;6;4;;;19;;HBO of WO;HBO of WO;matig;ja
2669;havo of vwo;vrouw;3;5;;;19;;havo of vwo;MBO;redelijk;ja
2670;havo of vwo;man;3;3;4.0;400.0;19;;HBO of WO;HBO of WO;goed;ja
2671;havo of vwo;vrouw;5;6;;;19;;HBO of WO;HBO of WO;redelijk;ja
2672;havo of vwo;vrouw;6;4;8.0;100.0;19;;MBO;MBO;goed;ja
2673;havo of vwo;vrouw;;;;;19;;;;;
2674;havo of vwo;vrouw;4;4;8.0;200.0;19;;HBO of WO;HBO of WO;;
2675;havo of vwo;vrouw;3;3;8.0;260.0;19;;HBO of WO;HBO of WO;matig;nee, gestopt
2676;havo of vwo;man;5;4;4.0;150.0;19;;HBO of WO;MBO;redelijk;ja
2677;havo of vwo;man;4;6;;;20;;LBO of vmbo;HBO of WO;redelijk;ja
2678;havo of vwo;man;5;5;10.0;400.0;19;;HBO of WO;MBO;goed;ja
2679;havo of vwo;vrouw;6;6;14.0;400.0;19;;HBO of WO;HBO of WO;goed;ja
2680;havo of vwo;vrouw;;;;;19;;;;;
2681;havo of vwo;vrouw;5;5;8.0;170.0;19;;HBO of WO;HBO of WO;redelijk;ja
2682;havo of vwo;man;;;;;19;;;;goed;
2683;havo of vwo;man;7;5;14.0;300.0;19;;HBO of WO;MBO;matig;nee, gestopt
2684;havo of vwo;man;2;4;;;20;;MBO;MBO;redelijk;nee, gestopt
2685;havo of vwo;vrouw;4;5;4.0;80.0;19;;HBO of WO;HBO of WO;redelijk;ja
2686;havo of vwo;vrouw;5;4;8.0;200.0;19;;MBO;HBO of WO;goed;ja
2687;havo of vwo;vrouw;2;4;8.0;200.0;19;;LBO of vmbo;HBO of WO;slecht;nee, gestopt
2688;havo of vwo;man;4;5;;;20;;HBO of WO;HBO of WO;goed;ja
2689;havo of vwo;vrouw;6;5;17.0;660.0;20;;HBO of WO;HBO of WO;;
2690;havo of vwo;man;2;4;5.0;100.0;19;;HBO of WO;HBO of WO;goed;ja
2691;havo of vwo;vrouw;5;5;8.0;150.0;19;;HBO of WO;HBO of WO;redelijk;ja
2692;havo of vwo;vrouw;;;;;19;;;;;
2693;havo of vwo;vrouw;5;4;15.0;300.0;19;;MBO;MBO;matig;ja
2694;havo of vwo;vrouw;3;4;;;19;;MBO;LBO of vmbo;redelijk;ja
2695;havo of vwo;vrouw;4;6;;;19;;HBO of WO;MBO;matig;ja
2696;havo of vwo;vrouw;3;4;5.0;100.0;19;;HBO of WO;HBO of WO;goed;ja
2697;havo of vwo;vrouw;4;4;17.0;200.0;19;;HBO of WO;HBO of WO;goed;ja
2698;havo of vwo;vrouw;5;3;7.0;140.0;19;;HBO of WO;HBO of WO;goed;ja
2699;havo of vwo;vrouw;;;;;19;;;;;
2700;havo of vwo;vrouw;5;4;13.0;150.0;19;;HBO of WO;HBO of WO;redelijk;ja
2701;havo of vwo;vrouw;4;4;;;19;;HBO of WO;HBO of WO;goed;ja
2702;havo of vwo;vrouw;5;4;9.0;200.0;19;;MBO;HBO of WO;redelijk;ja
2703;havo of vwo;vrouw;3;3;6.0;150.0;19;;LBO of vmbo;LBO of vmbo;redelijk;ja
2704;havo of vwo;man;4;4;;;20;;havo of vwo;HBO of WO;redelijk;ja
2705;havo of vwo;vrouw;5;4;9.0;100.0;19;;MBO;MBO;goed;ja
2706;havo of vwo;vrouw;;;;;19;;;;;
2707;havo of vwo;man;1;4;2.0;80.0;19;;HBO of WO;HBO of WO;goed;ja
2708;havo of vwo;vrouw;;;;;19;;;;;
2709;havo of vwo;man;;;;;17;;;;;
2710;havo of vwo;vrouw;3;4;6.0;200.0;19;;HBO of WO;MBO;redelijk;ja
2711;havo of vwo;vrouw;4;5;12.0;275.0;19;;MBO;LBO of vmbo;goed;ja
2712;havo of vwo;vrouw;4;4;5.0;200.0;19;;MBO;MBO;redelijk;nee, gestopt
2713;havo of vwo;vrouw;4;4;;;19;;LBO of vmbo;MBO;;
2714;havo of vwo;man;4;4;15.0;450.0;19;;HBO of WO;HBO of WO;goed;ja
2715;havo of vwo;vrouw;4;3;3.0;72.0;20;;HBO of WO;MBO;redelijk;ja
2716;havo of vwo;man;2;4;40.0;1300.0;19;;HBO of WO;HBO of WO;goed;ja
2717;havo of vwo;vrouw;;;;;19;;;;;
2718;havo of vwo;vrouw;5;5;;;20;;MBO;MBO;goed;ja
2719;havo of vwo;vrouw;4;3;20.0;530.0;19;;MBO;HBO of WO;;
2720;havo of vwo;vrouw;5;5;;;19;;HBO of WO;HBO of WO;matig;ja
2721;havo of vwo;man;3;3;2.0;100.0;19;;HBO of WO;HBO of WO;;
2722;havo of vwo;man;4;3;;;19;;HBO of WO;HBO of WO;goed;nee, gestopt
2723;havo of vwo;vrouw;3;4;;;19;;HBO of WO;HBO of WO;goed;ja
2724;havo of vwo;vrouw;5;3;;;19;;HBO of WO;MBO;redelijk;ja
2725;havo of vwo;vrouw;4;4;;;19;;havo of vwo;havo of vwo;goed;ja
2726;havo of vwo;man;4;4;7.0;180.0;19;;havo of vwo;MBO;redelijk;ja
2727;havo of vwo;vrouw;3;4;;;19;;HBO of WO;MBO;redelijk;ja
2728;havo of vwo;vrouw;6;4;4.0;375.0;19;;MBO;MBO;goed;ja
2729;havo of vwo;man;;;;;19;;;;;
2730;havo of vwo;vrouw;7;3;20.0;500.0;19;;HBO of WO;HBO of WO;goed;ja
2731;havo of vwo;vrouw;3;3;10.0;200.0;19;;HBO of WO;HBO of WO;goed;ja
2732;havo of vwo;vrouw;4;4;;;20;;MBO;MBO;redelijk;ja
2733;havo of vwo;man;3;3;5.0;200.0;19;;HBO of WO;MBO;goed;ja
2734;havo of vwo;vrouw;3;3;;;19;;HBO of WO;HBO of WO;redelijk;ja
2735;havo of vwo;vrouw;4;4;12.0;260.0;19;;HBO of WO;HBO of WO;goed;ja
2736;havo of vwo;man;;;;;20;;;;;
2737;havo of vwo;vrouw;5;4;5.0;100.0;18;;MBO;HBO of WO;redelijk;ja
2738;havo of vwo;vrouw;4;5;;;19;;havo of vwo;HBO of WO;goed;ja
2739;havo of vwo;man;2;4;;;20;;MBO;HBO of WO;redelijk;ja
2740;havo of vwo;man;4;4;;;19;;HBO of WO;HBO of WO;goed;ja
2741;havo of vwo;man;4;5;6.0;300.0;19;;HBO of WO;HBO of WO;goed;ja
2742;havo of vwo;vrouw;4;4;;;19;;HBO of WO;LBO of vmbo;redelijk;ja
2743;havo of vwo;vrouw;4;3;;;20;;LBO of vmbo;basisonderwijs;slecht;nee, gestopt
2744;havo of vwo;vrouw;4;4;;;19;;HBO of WO;HBO of WO;matig;nee, gestopt
2745;havo of vwo;vrouw;5;5;;;19;;HBO of WO;HBO of WO;goed;ja
2746;havo of vwo;vrouw;2;5;;;19;;HBO of WO;HBO of WO;redelijk;ja
2747;havo of vwo;man;4;3;8.0;340.0;19;;HBO of WO;HBO of WO;redelijk;ja
2748;havo of vwo;vrouw;6;5;9.0;350.0;19;;MBO;MBO;goed;ja
2749;havo of vwo;vrouw;5;4;;;20;;MBO;MBO;goed;ja
2750;havo of vwo;vrouw;;;;;19;;;;;
2751;havo of vwo;man;;;;;19;;;;;
2752;havo of vwo;vrouw;4;3;8.0;;19;;HBO of WO;HBO of WO;redelijk;ja
2753;havo of vwo;vrouw;3;5;;;19;;HBO of WO;HBO of WO;goed;ja
2754;havo of vwo;vrouw;;;;;19;;;;;
2755;havo of vwo;man;3;4;10.0;250.0;19;;MBO;MBO;matig;ja
2756;havo of vwo;vrouw;5;4;6.0;200.0;19;;MBO;HBO of WO;redelijk;ja
2757;havo of vwo;vrouw;5;5;8.0;150.0;19;;HBO of WO;MBO;goed;ja
2758;havo of vwo;vrouw;5;4;6.0;90.0;19;;MBO;HBO of WO;goed;ja
2759;havo of vwo;man;3;4;;;19;;MBO;HBO of WO;goed;ja
2760;havo of vwo;vrouw;2;4;;;19;;HBO of WO;LBO of vmbo;goed;ja
2761;havo of vwo;vrouw;3;3;16.0;350.0;18;;MBO;HBO of WO;redelijk;ja
2762;havo of vwo;vrouw;2;5;7.0;150.0;19;;LBO of vmbo;LBO of vmbo;goed;ja
2763;havo of vwo;vrouw;4;5;;;19;;HBO of WO;MBO;redelijk;ja
2764;havo of vwo;vrouw;5;5;;;19;;HBO of WO;HBO of WO;goed;ja
2765;havo of vwo;vrouw;;;;;19;;;;;
2766;havo of vwo;man;5;3;;;19;;MBO;MBO;goed;ja
2767;havo of vwo;vrouw;3;5;2.0;50.0;18;;HBO of WO;MBO;goed;ja
2768;havo of vwo;vrouw;4;4;10.0;150.0;19;;MBO;MBO;goed;ja
2769;havo of vwo;vrouw;5;6;5.0;160.0;19;;MBO;MBO;goed;ja
2770;havo of vwo;vrouw;;;;;20;;;;;
2771;havo of vwo;vrouw;5;3;7.0;130.0;19;;LBO of vmbo;HBO of WO;goed;ja
2772;havo of vwo;vrouw;5;4;;;19;;HBO of WO;HBO of WO;redelijk;ja
2773;havo of vwo;man;4;3;;;19;;HBO of WO;HBO of WO;matig;ja
2774;havo of vwo;vrouw;6;5;10.0;250.0;19;;LBO of vmbo;LBO of vmbo;goed;ja
2775;havo of vwo;vrouw;4;4;;;19;;HBO of WO;HBO of WO;goed;ja
2776;havo of vwo;vrouw;4;6;8.0;200.0;19;;MBO;MBO;redelijk;ja
2777;havo of vwo;man;3;6;;;19;;HBO of WO;MBO;goed;ja
2778;havo of vwo;vrouw;4;3;6.0;200.0;19;;HBO of WO;HBO of WO;goed;ja
2779;havo of vwo;man;4;4;8.0;400.0;19;;HBO of WO;HBO of WO;matig;ja
2780;havo of vwo;vrouw;5;4;;;19;;HBO of WO;HBO of WO;goed;ja
2781;havo of vwo;vrouw;5;5;;;19;;HBO of WO;MBO;redelijk;nee, gestopt
2782;havo of vwo;man;1;1;;;19;;HBO of WO;HBO of WO;slecht;ja
2783;havo of vwo;man;1;5;12.0;200.0;18;;LBO of vmbo;LBO of vmbo;goed;ja
2784;havo of vwo;vrouw;6;5;12.0;250.0;19;;HBO of WO;MBO;goed;ja
2785;havo of vwo;man;;;;;19;;;;;
2786;havo of vwo;vrouw;4;3;14.0;600.0;19;;LBO of vmbo;LBO of vmbo;goed;ja
2787;havo of vwo;vrouw;4;4;;;18;;HBO of WO;HBO of WO;redelijk;ja
2788;havo of vwo;vrouw;4;5;3.0;70.0;19;;MBO;HBO of WO;goed;ja
2789;havo of vwo;man;3;3;6.0;80.0;18;;havo of vwo;HBO of WO;redelijk;ja
2790;havo of vwo;vrouw;6;5;6.0;150.0;19;;HBO of WO;HBO of WO;redelijk;ja
2791;havo of vwo;vrouw;3;4;;;19;;HBO of WO;MBO;;
2792;havo of vwo;man;3;3;;;19;;MBO;LBO of vmbo;slecht;nee, gestopt
2793;havo of vwo;vrouw;4;4;;;19;;HBO of WO;LBO of vmbo;;nee, gestopt
2794;havo of vwo;vrouw;5;3;5.0;120.0;19;;HBO of WO;HBO of WO;goed;ja
2795;havo of vwo;man;4;5;5.0;300.0;23;;HBO of WO;HBO of WO;goed;ja
2796;havo of vwo;vrouw;3;4;8.0;300.0;21;;HBO of WO;HBO of WO;goed;ja
2797;havo of vwo;vrouw;5;6;3.0;75.0;19;;MBO;HBO of WO;redelijk;ja
2798;havo of vwo;vrouw;3;4;7.0;180.0;19;;HBO of WO;LBO of vmbo;redelijk;ja
2799;havo of vwo;vrouw;6;4;8.0;200.0;19;;LBO of vmbo;MBO;goed;ja
2800;havo of vwo;man;4;3;3.0;100.0;19;;HBO of WO;MBO;goed;ja
2801;havo of vwo;vrouw;5;4;;;19;;MBO;havo of vwo;redelijk;ja
2802;havo of vwo;man;6;5;;;20;;HBO of WO;HBO of WO;matig;ja
2803;havo of vwo;vrouw;4;3;;;19;;HBO of WO;HBO of WO;goed;ja
2804;havo of vwo;vrouw;4;5;;;19;;MBO;MBO;goed;ja
2805;havo of vwo;man;3;4;6.0;120.0;19;;HBO of WO;HBO of WO;redelijk;ja
2806;havo of vwo;man;4;4;2.0;;19;;HBO of WO;HBO of WO;goed;ja
2807;havo of vwo;vrouw;5;4;8.0;140.0;19;;MBO;HBO of WO;goed;ja
2808;havo of vwo;vrouw;3;4;8.0;100.0;19;;HBO of WO;HBO of WO;goed;ja
2809;havo of vwo;vrouw;4;4;14.0;600.0;17;;HBO of WO;HBO of WO;;
2810;havo of vwo;man;4;4;3.0;110.0;19;;MBO;HBO of WO;goed;ja
2811;havo of vwo;vrouw;4;5;;;19;;MBO;MBO;goed;ja
2812;havo of vwo;vrouw;4;3;4.0;100.0;19;;MBO;HBO of WO;goed;ja
2813;havo of vwo;vrouw;4;6;;;20;;HBO of WO;HBO of WO;goed;ja
2814;havo of vwo;vrouw;5;4;2.0;75.0;19;;HBO of WO;LBO of vmbo;slecht;nee, gestopt
2815;havo of vwo;vrouw;6;5;6.0;250.0;19;;MBO;HBO of WO;goed;ja
2816;havo of vwo;vrouw;3;4;4.0;175.0;19;;HBO of WO;HBO of WO;goed;ja
2817;havo of vwo;man;7;1;5.0;100.0;19;;HBO of WO;MBO;goed;ja
2818;havo of vwo;man;4;4;;;19;;MBO;MBO;redelijk;ja
2819;havo of vwo;vrouw;3;4;15.0;350.0;19;;HBO of WO;HBO of WO;matig;ja
2820;havo of vwo;vrouw;4;3;;;19;;MBO;HBO of WO;redelijk;ja
2821;havo of vwo;vrouw;6;6;6.0;150.0;19;;HBO of WO;HBO of WO;redelijk;ja
2822;havo of vwo;vrouw;5;3;;;18;;HBO of WO;HBO of WO;matig;nee, gestopt
2823;havo of vwo;vrouw;3;4;18.0;400.0;19;;MBO;HBO of WO;redelijk;ja
2824;havo of vwo;vrouw;;;16.0;550.0;20;;;;;
2825;havo of vwo;vrouw;4;4;11.0;500.0;19;;HBO of WO;MBO;goed;ja
2826;havo of vwo;vrouw;3;4;16.0;450.0;19;;HBO of WO;MBO;goed;ja
2827;havo of vwo;man;3;2;;;19;;HBO of WO;HBO of WO;goed;ja
2828;havo of vwo;vrouw;3;3;;;19;;HBO of WO;HBO of WO;redelijk;ja
2829;havo of vwo;man;4;5;8.0;400.0;19;;HBO of WO;HBO of WO;matig;ja
2830;havo of vwo;vrouw;5;5;8.0;300.0;19;;MBO;HBO of WO;goed;ja
2831;havo of vwo;vrouw;5;2;;;19;;HBO of WO;HBO of WO;goed;ja
2832;havo of vwo;man;6;3;;;19;;HBO of WO;HBO of WO;redelijk;ja
2833;havo of vwo;man;3;4;8.0;200.0;19;;HBO of WO;HBO of WO;goed;ja
2834;havo of vwo;vrouw;;;;;19;;;;;
2835;havo of vwo;vrouw;3;4;4.0;85.0;19;;HBO of WO;HBO of WO;goed;ja
2836;havo of vwo;vrouw;5;3;13.0;250.0;19;;HBO of WO;HBO of WO;goed;ja
2837;havo of vwo;vrouw;3;5;13.0;180.0;19;;HBO of WO;HBO of WO;goed;ja
2838;havo of vwo;vrouw;;;;;19;;;;;
2839;havo of vwo;vrouw;;;;;19;;;;goed;
2840;havo of vwo;vrouw;2;4;10.0;200.0;17;;HBO of WO;HBO of WO;redelijk;ja
2841;havo of vwo;vrouw;3;5;9.0;306.0;19;;HBO of WO;HBO of WO;matig;ja
2842;havo of vwo;vrouw;3;4;6.0;180.0;19;;HBO of WO;HBO of WO;goed;ja
2843;havo of vwo;vrouw;4;4;;;19;;HBO of WO;HBO of WO;goed;ja
2844;havo of vwo;vrouw;;;;;19;;;;;
2845;havo of vwo;vrouw;4;3;;;18;;havo of vwo;HBO of WO;goed;ja
2846;havo of vwo;vrouw;3;5;;;20;;HBO of WO;HBO of WO;goed;nee, gestopt
2847;havo of vwo;vrouw;5;3;;;19;;HBO of WO;HBO of WO;redelijk;ja
2848;havo of vwo;man;5;5;8.0;190.0;19;;MBO;HBO of WO;redelijk;ja
2849;havo of vwo;man;2;2;6.0;150.0;19;;HBO of WO;HBO of WO;redelijk;ja
2850;havo of vwo;vrouw;4;3;;;19;;HBO of WO;HBO of WO;goed;ja
2851;havo of vwo;vrouw;;;;;19;;;;;
2852;havo of vwo;man;;;;;20;;;;redelijk;
2853;havo of vwo;vrouw;5;5;6.0;150.0;20;;MBO;MBO;goed;ja
2854;havo of vwo;vrouw;6;6;6.0;250.0;20;;HBO of WO;HBO of WO;;
2855;havo of vwo;vrouw;4;4;7.0;125.0;19;;HBO of WO;HBO of WO;matig;ja
2856;havo of vwo;man;;;;;20;;;;;
2857;havo of vwo;vrouw;2;5;;;19;;HBO of WO;HBO of WO;redelijk;ja
2858;havo of vwo;man;3;4;2.0;80.0;19;;MBO;HBO of WO;matig;ja
2859;havo of vwo;vrouw;3;5;;;19;;HBO of WO;HBO of WO;;
2860;havo of vwo;vrouw;3;3;8.0;300.0;19;;LBO of vmbo;basisonderwijs;goed;ja
2861;havo of vwo;vrouw;4;4;5.0;200.0;19;;HBO of WO;HBO of WO;goed;ja
2862;havo of vwo;man;4;3;9.0;350.0;18;;HBO of WO;HBO of WO;goed;ja
2863;havo of vwo;vrouw;3;3;6.0;150.0;18;;HBO of WO;HBO of WO;matig;nee, gestopt
2864;havo of vwo;vrouw;4;4;;;19;;HBO of WO;HBO of WO;goed;ja
2865;havo of vwo;man;3;2;;;20;;HBO of WO;HBO of WO;goed;ja
2866;havo of vwo;vrouw;3;3;;;21;;MBO;HBO of WO;goed;ja
2867;havo of vwo;vrouw;4;4;;;19;;HBO of WO;HBO of WO;goed;ja
2868;havo of vwo;man;6;5;2.0;40.0;19;;havo of vwo;MBO;matig;ja
2869;havo of vwo;vrouw;4;5;6.0;200.0;20;;MBO;MBO;redelijk;ja
2870;vmbo;man;6;4;;;17;;MBO;HBO of WO;;
2871;vmbo;vrouw;4;4;10.0;200.0;17;MBO-BOL;LBO of vmbo;LBO of vmbo;goed;ja
2872;vmbo;vrouw;3;5;;;19;MBO-BOL;LBO of vmbo;;redelijk;ja
2873;vmbo;vrouw;;;6.0;200.0;18;MBO-BOL;;;goed;ja
2874;vmbo;man;4;4;35.0;650.0;18;MBO-BBL;HBO of WO;MBO;goed;ja
2875;vmbo;man;7;4;;;19;MBO-BOL;havo of vwo;MBO;matig;nee, diploma behaald
2876;vmbo;man;4;2;6.0;120.0;17;MBO-BOL;HBO of WO;MBO;matig;ja
2877;vmbo;vrouw;4;5;32.0;700.0;18;MBO-BBL;MBO;LBO of vmbo;goed;ja
2878;vmbo;vrouw;6;4;;;18;MBO-BOL;HBO of WO;MBO;redelijk;ja
2879;vmbo;vrouw;4;3;4.0;120.0;17;MBO-BOL;LBO of vmbo;LBO of vmbo;goed;ja
2880;vmbo;man;5;4;;;18;MBO-BOL;MBO;MBO;goed;ja
2881;vmbo;vrouw;5;4;;;17;MBO-BOL;MBO;MBO;redelijk;ja
2882;vmbo;man;3;4;;;17;MBO-BOL;;;matig;ja
2883;vmbo;vrouw;6;5;;;18;MBO-BOL;havo of vwo;LBO of vmbo;redelijk;ja
2884;vmbo;man;1;4;10.0;350.0;17;MBO-BOL;HBO of WO;MBO;goed;nee, diploma behaald
2885;vmbo;man;3;3;16.0;250.0;17;MBO-BOL;MBO;MBO;matig;ja
2886;vmbo;man;5;2;;;18;MBO-BOL;HBO of WO;HBO of WO;redelijk;ja
2887;vmbo;man;4;4;;;18;MBO-BOL;MBO;MBO;redelijk;ja
2888;vmbo;vrouw;4;4;12.0;;17;MBO-BOL;LBO of vmbo;LBO of vmbo;slecht;ja
2889;vmbo;vrouw;5;3;7.0;120.0;17;MBO-BOL;MBO;MBO;matig;ja
2890;vmbo;vrouw;4;3;;;17;MBO-BOL;LBO of vmbo;MBO;goed;ja
2891;vmbo;man;3;3;;;17;MBO-BOL;HBO of WO;HBO of WO;goed;ja
2892;vmbo;man;5;3;8.0;200.0;17;MBO-BOL;HBO of WO;MBO;redelijk;ja
2893;vmbo;vrouw;5;4;5.0;45.0;17;MBO-BOL;MBO;MBO;goed;ja
2894;vmbo;man;4;5;;;18;MBO-BOL;MBO;HBO of WO;goed;ja
2895;vmbo;vrouw;6;5;20.0;300.0;18;MBO-BOL;MBO;MBO;matig;ja
2896;vmbo;vrouw;5;5;8.0;127.0;17;MBO-BOL;havo of vwo;havo of vwo;goed;ja
2897;vmbo;man;5;5;5.0;50.0;17;MBO-BOL;MBO;LBO of vmbo;slecht;ja
2898;vmbo;vrouw;2;3;4.0;;18;MBO-BOL;basisonderwijs;MBO;slecht;ja
2899;vmbo;vrouw;5;4;;;18;MBO-BOL;havo of vwo;MBO;goed;ja
2900;vmbo;vrouw;5;4;8.0;;17;MBO-BOL;MBO;MBO;goed;ja
2901;vmbo;vrouw;5;4;12.0;150.0;17;MBO-BOL;MBO;HBO of WO;redelijk;ja
2902;vmbo;vrouw;5;5;8.0;250.0;18;;LBO of vmbo;HBO of WO;;
2903;vmbo;vrouw;3;4;5.0;6.0;18;MBO-BOL;havo of vwo;LBO of vmbo;goed;ja
2904;vmbo;man;5;3;10.0;250.0;18;MBO-BOL;LBO of vmbo;LBO of vmbo;goed;ja
2905;vmbo;man;6;4;4.0;200.0;18;MBO-BOL;HBO of WO;LBO of vmbo;matig;ja
2906;vmbo;vrouw;6;4;33.0;570.0;18;MBO-BBL;havo of vwo;MBO;matig;ja
2907;vmbo;man;;;4.0;;17;MBO-BOL;;;goed;ja
2908;vmbo;vrouw;4;4;;;17;MBO-BOL;MBO;HBO of WO;redelijk;ja
2909;vmbo;vrouw;5;3;10.0;180.0;17;MBO-BOL;HBO of WO;LBO of vmbo;matig;ja
2910;vmbo;man;6;4;13.0;170.0;17;MBO-BOL;LBO of vmbo;MBO;goed;ja
2911;vmbo;man;4;4;;;17;MBO-BOL;havo of vwo;HBO of WO;goed;ja
2912;vmbo;vrouw;5;4;5.0;80.0;17;MBO-BOL;MBO;LBO of vmbo;goed;ja
2913;vmbo;man;4;5;;;17;MBO-BOL;MBO;MBO;redelijk;ja
2914;vmbo;man;5;6;;;17;MBO-BOL;HBO of WO;LBO of vmbo;matig;ja
2915;vmbo;man;3;4;34.0;800.0;17;MBO-BBL;havo of vwo;MBO;redelijk;ja
2916;vmbo;vrouw;4;4;;;17;MBO-BOL;LBO of vmbo;MBO;redelijk;ja
2917;vmbo;man;3;4;;;17;MBO-BOL;MBO;HBO of WO;redelijk;ja
2918;vmbo;man;3;6;30.0;;18;MBO-BBL;basisonderwijs;basisonderwijs;redelijk;ja
2919;vmbo;vrouw;3;3;;;17;MBO-BOL;MBO;HBO of WO;redelijk;ja
2920;vmbo;vrouw;2;5;4.0;488.0;18;MBO-BOL;HBO of WO;HBO of WO;redelijk;ja
2921;vmbo;vrouw;4;4;3.0;100.0;18;MBO-BOL;MBO;MBO;matig;ja
2922;vmbo;vrouw;5;4;8.0;100.0;18;MBO-BOL;LBO of vmbo;LBO of vmbo;matig;ja
2923;vmbo;vrouw;5;4;7.0;120.0;17;;LBO of vmbo;;;
2924;vmbo;vrouw;4;4;;;18;MBO-BOL;MBO;LBO of vmbo;goed;ja
2925;vmbo;vrouw;4;3;;;17;MBO-BOL;MBO;MBO;goed;ja
2926;vmbo;man;2;3;38.0;950.0;18;MBO-BBL;;;matig;ja
2927;vmbo;man;4;4;;;18;MBO-BOL;LBO of vmbo;MBO;redelijk;ja
2928;vmbo;vrouw;6;4;;;17;MBO-BOL;MBO;LBO of vmbo;redelijk;ja
2929;vmbo;vrouw;4;4;6.0;100.0;17;MBO-BOL;HBO of WO;LBO of vmbo;goed;ja
2930;vmbo;vrouw;3;3;4.0;83.0;17;MBO-BOL;MBO;LBO of vmbo;redelijk;ja
2931;vmbo;vrouw;5;3;27.0;596.0;17;overig;MBO;MBO;;
2932;vmbo;vrouw;6;5;;145.0;17;MBO-BOL;HBO of WO;HBO of WO;redelijk;ja
2933;vmbo;vrouw;3;4;29.0;270.0;17;MBO-BOL;MBO;MBO;;ja
2934;vmbo;vrouw;6;5;6.0;100.0;17;MBO-BOL;havo of vwo;HBO of WO;redelijk;ja
2935;vmbo;man;2;3;40.0;200.0;17;MBO-BOL;MBO;MBO;goed;ja
2936;vmbo;vrouw;5;4;3.0;80.0;17;MBO-BOL;LBO of vmbo;basisonderwijs;redelijk;ja
2937;vmbo;vrouw;4;4;;;17;MBO-BOL;MBO;MBO;redelijk;ja
2938;vmbo;man;5;3;;;17;MBO-BOL;havo of vwo;MBO;goed;ja
2939;vmbo;vrouw;6;4;11.0;250.0;17;MBO-BOL;LBO of vmbo;MBO;redelijk;ja
2940;vmbo;vrouw;3;3;15.0;300.0;17;MBO-BOL;MBO;LBO of vmbo;redelijk;nee, diploma behaald
2941;vmbo;man;2;3;;;18;MBO-BOL;HBO of WO;HBO of WO;redelijk;ja
2942;vmbo;man;5;3;;;17;MBO-BOL;MBO;LBO of vmbo;redelijk;ja
2943;vmbo;man;6;2;15.0;320.0;17;MBO-BOL;MBO;HBO of WO;goed;ja
2944;vmbo;man;5;4;;;18;MBO-BOL;LBO of vmbo;HBO of WO;goed;ja
2945;vmbo;man;5;3;5.0;5.0;18;MBO-BOL;LBO of vmbo;LBO of vmbo;redelijk;ja
2946;vmbo;man;4;4;;;19;MBO-BOL;HBO of WO;MBO;redelijk;ja
2947;vmbo;vrouw;3;2;;;17;havo;MBO;MBO;matig;ja
2948;vmbo;vrouw;3;3;;;17;havo;havo of vwo;HBO of WO;goed;ja
2949;vmbo;vrouw;5;4;;;19;MBO-BOL;HBO of WO;HBO of WO;goed;ja
2950;vmbo;vrouw;1;2;10.0;180.0;18;MBO-BOL;HBO of WO;HBO of WO;matig;ja
2951;vmbo;vrouw;6;5;4.0;100.0;17;MBO-BOL;MBO;HBO of WO;goed;ja
2952;vmbo;man;4;4;20.0;900.0;17;MBO-BOL;HBO of WO;MBO;matig;ja
2953;vmbo;vrouw;5;4;7.0;130.0;18;MBO-BOL;MBO;LBO of vmbo;goed;ja
2954;vmbo;vrouw;2;3;;;17;MBO-BOL;HBO of WO;HBO of WO;redelijk;ja
2955;vmbo;man;5;5;18.0;300.0;17;MBO-BBL;;;redelijk;ja
2956;vmbo;man;6;3;;;18;MBO-BOL;MBO;MBO;redelijk;ja
2957;vmbo;vrouw;5;6;;;17;MBO-BOL;MBO;HBO of WO;goed;ja
2958;vmbo;vrouw;4;4;;;19;MBO-BOL;LBO of vmbo;LBO of vmbo;redelijk;ja
2959;vmbo;vrouw;5;3;7.0;120.0;18;MBO-BOL;MBO;LBO of vmbo;goed;nee, diploma behaald
2960;vmbo;man;4;3;8.0;150.0;17;MBO-BOL;LBO of vmbo;LBO of vmbo;goed;ja
2961;vmbo;vrouw;6;5;;;18;MBO-BOL;havo of vwo;LBO of vmbo;goed;ja
2962;vmbo;vrouw;4;4;10.0;200.0;18;MBO-BOL;havo of vwo;LBO of vmbo;redelijk;ja
2963;vmbo;vrouw;4;4;9.0;200.0;17;MBO-BOL;LBO of vmbo;LBO of vmbo;redelijk;ja
2964;vmbo;vrouw;7;1;10.0;140.0;17;MBO-BOL;LBO of vmbo;LBO of vmbo;goed;ja
2965;vmbo;man;4;3;;;19;MBO-BOL;MBO;;matig;ja
2966;vmbo;vrouw;4;5;;;17;MBO-BOL;havo of vwo;LBO of vmbo;goed;ja
2967;vmbo;vrouw;5;4;10.0;150.0;17;MBO-BOL;HBO of WO;MBO;goed;ja
2968;vmbo;man;2;1;;;17;overig;MBO;MBO;;
2969;vmbo;man;6;3;4.0;50.0;17;MBO-BOL;HBO of WO;MBO;goed;ja
2970;vmbo;vrouw;3;4;;;18;MBO-BOL;LBO of vmbo;HBO of WO;matig;ja
2971;vmbo;vrouw;4;4;;;17;MBO-BOL;LBO of vmbo;LBO of vmbo;goed;nee, gestopt
2972;vmbo;man;6;4;;;17;MBO-BOL;MBO;LBO of vmbo;matig;ja
2973;vmbo;vrouw;5;3;;;18;MBO-BOL;LBO of vmbo;HBO of WO;matig;nee, gestopt
2974;vmbo;vrouw;;;;;17;MBO-BOL;;;goed;ja
2975;vmbo;vrouw;1;4;12.0;100.0;17;MBO-BOL;HBO of WO;havo of vwo;redelijk;ja
2976;vmbo;vrouw;4;3;8.0;184.0;17;MBO-BOL;LBO of vmbo;LBO of vmbo;matig;ja
2977;vmbo;man;3;3;8.0;200.0;17;MBO-BOL;HBO of WO;LBO of vmbo;goed;ja
2978;vmbo;man;4;4;;;17;MBO-BOL;HBO of WO;HBO of WO;redelijk;ja
2979;vmbo;vrouw;5;5;12.0;5.0;18;MBO-BOL;MBO;MBO;goed;ja
2980;vmbo;vrouw;5;3;10.0;250.0;17;MBO-BOL;HBO of WO;HBO of WO;goed;ja
2981;vmbo;vrouw;5;2;;;17;MBO-BOL;LBO of vmbo;MBO;slecht;ja
2982;vmbo;man;3;4;12.0;160.0;17;MBO-BOL;HBO of WO;LBO of vmbo;goed;ja
2983;vmbo;vrouw;4;5;15.0;240.0;17;MBO-BOL;MBO;HBO of WO;redelijk;nee, gestopt
2984;vmbo;man;1;1;;;17;MBO-BOL;HBO of WO;LBO of vmbo;slecht;ja
2985;vmbo;man;4;5;5.0;200.0;17;MBO-BOL;LBO of vmbo;LBO of vmbo;goed;nee, diploma behaald
2986;vmbo;man;4;3;7.0;85.0;17;MBO-BOL;MBO;MBO;matig;ja
2987;vmbo;vrouw;4;4;15.0;250.0;17;MBO-BOL;MBO;MBO;matig;ja
2988;vmbo;vrouw;4;4;;;18;MBO-BOL;MBO;basisonderwijs;goed;ja
2989;vmbo;man;5;4;8.0;120.0;17;MBO-BOL;MBO;HBO of WO;redelijk;ja
2990;vmbo;vrouw;3;3;;;17;MBO-BOL;LBO of vmbo;LBO of vmbo;matig;ja
2991;vmbo;vrouw;3;3;9.0;;17;havo;MBO;LBO of vmbo;redelijk;ja
2992;vmbo;vrouw;3;3;6.0;150.0;20;MBO-BOL;;LBO of vmbo;goed;ja
2993;vmbo;man;5;5;12.0;250.0;18;MBO-BOL;HBO of WO;MBO;goed;ja
2994;vmbo;vrouw;5;3;16.0;130.0;17;MBO-BOL;MBO;HBO of WO;redelijk;ja
2995;vmbo;vrouw;6;4;20.0;140.0;18;MBO-BOL;MBO;LBO of vmbo;goed;ja
2996;vmbo;vrouw;6;3;33.0;120.0;18;MBO-BOL;LBO of vmbo;basisonderwijs;goed;ja
2997;vmbo;vrouw;4;3;;;17;MBO-BOL;MBO;MBO;goed;ja
2998;vmbo;vrouw;4;4;40.0;;17;MBO-BOL;LBO of vmbo;LBO of vmbo;goed;ja
2999;vmbo;vrouw;7;6;;;17;MBO-BOL;MBO;MBO;redelijk;ja
3000;vmbo;vrouw;5;3;;;17;MBO-BOL;HBO of WO;LBO of vmbo;goed;ja
3001;vmbo;vrouw;6;5;8.0;200.0;17;MBO-BOL;LBO of vmbo;LBO of vmbo;redelijk;ja
3002;vmbo;man;5;3;10.0;250.0;18;MBO-BOL;LBO of vmbo;LBO of vmbo;matig;ja
3003;vmbo;vrouw;6;4;;;17;MBO-BOL;MBO;HBO of WO;goed;ja
3004;vmbo;vrouw;4;3;12.0;150.0;17;MBO-BOL;HBO of WO;HBO of WO;goed;ja
3005;vmbo;vrouw;4;4;6.0;130.0;17;havo;LBO of vmbo;LBO of vmbo;goed;ja
3006;vmbo;vrouw;3;4;;;17;MBO-BOL;MBO;MBO;matig;nee, gestopt
3007;vmbo;man;;;8.0;175.0;17;;;;;
3008;vmbo;man;6;3;;;17;MBO-BOL;MBO;MBO;matig;ja
3009;vmbo;man;7;4;;;17;MBO-BOL;MBO;LBO of vmbo;redelijk;ja
3010;vmbo;man;4;4;;;17;MBO-BOL;MBO;MBO;goed;nee, gestopt
3011;vmbo;man;4;4;;;19;MBO-BOL;HBO of WO;LBO of vmbo;goed;ja
3012;vmbo;vrouw;4;2;;;17;MBO-BOL;MBO;MBO;redelijk;ja
3013;vmbo;man;6;4;;;17;MBO-BOL;MBO;basisonderwijs;redelijk;ja
3014;vmbo;vrouw;6;3;30.0;125.0;18;MBO-BOL;LBO of vmbo;basisonderwijs;goed;ja
3015;vmbo;man;5;4;;;18;MBO-BOL;havo of vwo;HBO of WO;goed;ja
3016;vmbo;vrouw;1;5;;;18;MBO-BOL;MBO;HBO of WO;redelijk;ja
3017;vmbo;vrouw;4;4;8.0;150.0;17;MBO-BOL;HBO of WO;basisonderwijs;matig;ja
3018;vmbo;vrouw;7;4;16.0;100.0;17;MBO-BOL;basisonderwijs;MBO;redelijk;ja
3019;vmbo;vrouw;4;3;20.0;300.0;18;MBO-BBL;MBO;HBO of WO;matig;ja
3020;vmbo;vrouw;2;2;;;18;MBO-BOL;HBO of WO;MBO;goed;ja
3021;vmbo;vrouw;5;3;30.0;400.0;17;MBO-BBL;LBO of vmbo;basisonderwijs;matig;nee, diploma behaald
3022;vmbo;man;5;4;;;17;MBO-BOL;;;matig;ja
3023;vmbo;man;1;1;;;17;MBO-BOL;LBO of vmbo;basisonderwijs;matig;ja
3024;vmbo;man;5;4;5.0;90.0;18;MBO-BOL;LBO of vmbo;MBO;redelijk;ja
3025;vmbo;man;6;5;20.0;200.0;18;MBO-BOL;MBO;MBO;redelijk;ja
3026;vmbo;vrouw;4;4;9.0;230.0;18;MBO-BOL;havo of vwo;HBO of WO;matig;ja
3027;vmbo;vrouw;4;3;;;18;MBO-BOL;LBO of vmbo;LBO of vmbo;matig;ja
3028;vmbo;vrouw;6;5;40.0;400.0;18;MBO-BOL;;;redelijk;ja
3029;vmbo;vrouw;6;3;5.0;200.0;17;MBO-BOL;MBO;MBO;goed;ja
3030;vmbo;man;4;4;9.0;300.0;18;MBO-BOL;LBO of vmbo;MBO;redelijk;ja
3031;vmbo;man;4;3;4.0;91.0;18;MBO-BBL;havo of vwo;havo of vwo;redelijk;ja
3032;vmbo;vrouw;4;4;9.0;;17;MBO-BOL;havo of vwo;LBO of vmbo;redelijk;nee, gestopt
3033;vmbo;vrouw;4;4;24.0;150.0;17;MBO-BOL;LBO of vmbo;havo of vwo;redelijk;ja
3034;vmbo;man;4;4;20.0;400.0;17;MBO-BOL;havo of vwo;LBO of vmbo;goed;ja
3035;vmbo;vrouw;4;2;10.0;110.0;17;MBO-BOL;MBO;MBO;matig;ja
3036;vmbo;vrouw;5;5;24.0;316.0;17;MBO-BBL;MBO;havo of vwo;goed;ja
3037;vmbo;vrouw;3;2;;;17;MBO-BBL;LBO of vmbo;LBO of vmbo;redelijk;ja
3038;vmbo;vrouw;5;4;8.0;150.0;17;MBO-BOL;MBO;MBO;redelijk;ja
3039;vmbo;man;5;4;20.0;120.0;18;MBO-BOL;MBO;havo of vwo;goed;ja
3040;vmbo;man;4;5;;;19;MBO-BBL;HBO of WO;LBO of vmbo;matig;ja
3041;vmbo;man;4;3;;;17;MBO-BOL;LBO of vmbo;MBO;redelijk;ja
3042;vmbo;vrouw;4;4;;;17;MBO-BOL;MBO;MBO;redelijk;ja
3043;vmbo;man;4;4;;;18;MBO-BOL;LBO of vmbo;MBO;goed;ja
3044;vmbo;man;4;4;;;18;MBO-BOL;MBO;MBO;matig;ja
3045;vmbo;vrouw;6;4;18.0;350.0;19;MBO-BOL;MBO;basisonderwijs;matig;ja
3046;vmbo;vrouw;5;4;3.0;75.0;18;MBO-BOL;MBO;MBO;redelijk;ja
3047;vmbo;man;5;5;;;17;MBO-BOL;MBO;MBO;matig;ja
3048;vmbo;man;3;3;32.0;700.0;17;MBO-BBL;havo of vwo;MBO;matig;ja
3049;vmbo;vrouw;6;3;5.0;100.0;18;MBO-BOL;havo of vwo;havo of vwo;slecht;ja
3050;vmbo;vrouw;4;4;;;17;MBO-BBL;MBO;MBO;goed;ja
3051;vmbo;man;4;4;;;18;MBO-BOL;basisonderwijs;LBO of vmbo;goed;ja
3052;vmbo;vrouw;3;3;;;18;MBO-BOL;LBO of vmbo;LBO of vmbo;redelijk;ja
3053;vmbo;vrouw;5;4;;;17;MBO-BOL;HBO of WO;MBO;goed;ja
3054;vmbo;man;4;4;;;18;MBO-BOL;LBO of vmbo;LBO of vmbo;matig;ja
3055;vmbo;vrouw;;;50.0;300.0;17;MBO-BOL;;;redelijk;ja
3056;vmbo;vrouw;7;5;16.0;240.0;17;MBO-BOL;LBO of vmbo;LBO of vmbo;redelijk;ja
3057;vmbo;vrouw;4;3;;;17;MBO-BOL;LBO of vmbo;LBO of vmbo;goed;ja
3058;vmbo;vrouw;5;3;;;17;MBO-BOL;MBO;MBO;slecht;ja
3059;vmbo;man;4;3;;;18;MBO-BOL;HBO of WO;MBO;goed;ja
3060;vmbo;vrouw;5;4;;;17;MBO-BOL;LBO of vmbo;HBO of WO;goed;ja
3061;vmbo;vrouw;2;4;;;19;MBO-BOL;havo of vwo;havo of vwo;matig;ja
3062;vmbo;vrouw;;;;;18;MBO-BOL;;;redelijk;ja
3063;vmbo;man;4;4;36.0;840.0;18;MBO-BBL;MBO;LBO of vmbo;slecht;ja
3064;vmbo;vrouw;6;6;;;17;MBO-BOL;LBO of vmbo;LBO of vmbo;redelijk;ja
3065;vmbo;vrouw;;;9.0;150.0;18;;;;;
3066;vmbo;vrouw;5;6;8.0;400.0;17;MBO-BOL;HBO of WO;MBO;redelijk;ja
3067;vmbo;vrouw;4;5;10.0;200.0;17;MBO-BOL;LBO of vmbo;havo of vwo;redelijk;ja
3068;vmbo;vrouw;6;4;24.0;4.0;17;MBO-BOL;MBO;HBO of WO;redelijk;ja
3069;vmbo;vrouw;5;4;;;17;MBO-BOL;LBO of vmbo;MBO;goed;ja
3070;vmbo;man;5;6;;;18;MBO-BOL;MBO;MBO;redelijk;ja
3071;vmbo;man;3;3;20.0;400.0;17;MBO-BBL;LBO of vmbo;HBO of WO;matig;ja
3072;vmbo;man;6;4;;;18;MBO-BOL;MBO;;redelijk;ja
3073;vmbo;vrouw;5;5;10.0;300.0;18;MBO-BOL;MBO;MBO;redelijk;ja
3074;vmbo;vrouw;3;3;8.0;213.0;17;MBO-BOL;havo of vwo;basisonderwijs;matig;ja
3075;vmbo;vrouw;3;1;8.0;180.0;17;MBO-BOL;LBO of vmbo;MBO;matig;ja
3076;vmbo;man;4;3;32.0;550.0;17;MBO-BBL;HBO of WO;HBO of WO;slecht;ja
3077;vmbo;man;6;4;;;17;MBO-BOL;havo of vwo;MBO;goed;ja
3078;vmbo;vrouw;4;4;5.0;130.0;17;MBO-BOL;basisonderwijs;basisonderwijs;goed;ja
3079;vmbo;vrouw;5;3;13.0;266.0;18;MBO-BOL;MBO;HBO of WO;redelijk;ja
3080;vmbo;man;4;3;;;18;MBO-BOL;;;goed;ja
3081;vmbo;vrouw;6;2;;;18;MBO-BOL;havo of vwo;HBO of WO;goed;ja
3082;vmbo;vrouw;6;4;;;17;MBO-BOL;MBO;MBO;matig;ja
3083;vmbo;vrouw;6;3;;;18;MBO-BOL;MBO;MBO;goed;nee, gestopt
3084;vmbo;man;5;4;;;17;MBO-BOL;MBO;MBO;redelijk;ja
3085;vmbo;vrouw;3;3;8.0;250.0;18;MBO-BOL;;;redelijk;ja
3086;vmbo;vrouw;5;4;4.0;120.0;17;MBO-BOL;LBO of vmbo;basisonderwijs;slecht;ja
3087;vmbo;man;1;2;;;17;MBO-BOL;MBO;MBO;redelijk;ja
3088;vmbo;vrouw;6;4;8.0;4.0;18;MBO-BOL;havo of vwo;MBO;goed;ja
3089;vmbo;man;4;4;;;18;MBO-BOL;HBO of WO;HBO of WO;redelijk;ja
3090;vmbo;vrouw;3;3;23.0;200.0;18;MBO-BOL;MBO;MBO;redelijk;ja
3091;vmbo;vrouw;1;1;8.0;200.0;18;MBO-BOL;;;slecht;ja
3092;vmbo;vrouw;6;5;25.0;450.0;17;MBO-BBL;LBO of vmbo;LBO of vmbo;redelijk;ja
3093;vmbo;man;3;3;8.0;4.0;17;MBO-BOL;LBO of vmbo;LBO of vmbo;goed;ja
3094;vmbo;vrouw;5;4;;;18;MBO-BOL;basisonderwijs;basisonderwijs;goed;ja
3095;vmbo;man;5;4;;;17;MBO-BOL;MBO;LBO of vmbo;matig;nee, gestopt
3096;vmbo;vrouw;5;4;8.0;200.0;18;MBO-BOL;MBO;MBO;redelijk;ja
3097;vmbo;vrouw;6;3;;;18;MBO-BOL;HBO of WO;LBO of vmbo;goed;ja
3098;vmbo;vrouw;6;3;6.0;110.0;18;MBO-BOL;HBO of WO;HBO of WO;redelijk;ja
3099;vmbo;vrouw;5;4;;;18;MBO-BOL;MBO;HBO of WO;goed;ja
3100;vmbo;vrouw;5;4;;;17;MBO-BOL;havo of vwo;LBO of vmbo;goed;ja
3101;vmbo;man;4;4;11.0;143.0;18;MBO-BOL;LBO of vmbo;LBO of vmbo;goed;ja
3102;vmbo;man;2;3;48.0;862.0;18;MBO-BBL;LBO of vmbo;MBO;goed;ja
3103;vmbo;vrouw;5;5;;;17;MBO-BOL;MBO;;goed;ja
3104;vmbo;vrouw;3;2;12.0;200.0;18;MBO-BOL;MBO;MBO;matig;ja
3105;vmbo;man;6;6;;;17;MBO-BOL;LBO of vmbo;HBO of WO;goed;ja
3106;vmbo;man;5;5;32.0;706.0;18;MBO-BBL;MBO;MBO;goed;ja
3107;vmbo;man;4;4;10.0;10.0;18;MBO-BOL;LBO of vmbo;LBO of vmbo;goed;ja
3108;vmbo;vrouw;5;5;5.0;100.0;17;MBO-BOL;MBO;MBO;redelijk;ja
3109;vmbo;vrouw;5;4;;;17;MBO-BOL;HBO of WO;MBO;redelijk;ja
3110;vmbo;vrouw;4;4;;;17;MBO-BOL;havo of vwo;LBO of vmbo;matig;ja
3111;vmbo;vrouw;4;4;24.0;;18;overig;LBO of vmbo;LBO of vmbo;;
3112;vmbo;vrouw;4;1;12.0;190.0;17;MBO-BOL;MBO;LBO of vmbo;redelijk;ja
3113;vmbo;vrouw;2;5;7.0;;17;MBO-BOL;MBO;basisonderwijs;redelijk;ja
3114;vmbo;man;4;4;;;18;MBO-BOL;havo of vwo;LBO of vmbo;matig;ja
3115;vmbo;vrouw;5;4;;;18;MBO-BOL;LBO of vmbo;MBO;goed;ja
3116;vmbo;man;;;;;16;;;;;
3117;vmbo;vrouw;6;3;9.0;150.0;17;MBO-BOL;HBO of WO;havo of vwo;slecht;ja
3118;vmbo;man;6;1;;;17;MBO-BOL;LBO of vmbo;LBO of vmbo;goed;ja
3119;vmbo;vrouw;5;6;2.0;4.0;17;MBO-BOL;MBO;MBO;redelijk;ja
3120;vmbo;man;4;4;;;17;MBO-BOL;LBO of vmbo;basisonderwijs;goed;ja
3121;vmbo;vrouw;3;1;;;18;MBO-BOL;HBO of WO;LBO of vmbo;;ja
3122;vmbo;vrouw;5;4;3.0;40.0;17;MBO-BOL;MBO;HBO of WO;redelijk;ja
3123;vmbo;vrouw;4;4;8.0;250.0;18;MBO-BOL;HBO of WO;LBO of vmbo;matig;ja
3124;vmbo;vrouw;5;4;12.0;100.0;17;MBO-BOL;MBO;MBO;goed;ja
3125;vmbo;man;;2;;;17;MBO-BOL;MBO;LBO of vmbo;redelijk;ja
3126;vmbo;vrouw;6;5;10.0;250.0;17;MBO-BBL;MBO;LBO of vmbo;matig;ja
3127;vmbo;vrouw;5;4;;;18;MBO-BOL;LBO of vmbo;LBO of vmbo;redelijk;ja
3128;vmbo;vrouw;6;5;5.0;7.0;17;MBO-BBL;LBO of vmbo;MBO;redelijk;ja
3129;vmbo;vrouw;4;3;18.0;146.0;18;MBO-BOL;HBO of WO;MBO;redelijk;ja
3130;vmbo;vrouw;5;5;;;17;MBO-BOL;MBO;MBO;goed;ja
3131;vmbo;man;;;;;17;MBO-BOL;HBO of WO;LBO of vmbo;;ja
3132;vmbo;man;5;3;;;18;MBO-BOL;HBO of WO;HBO of WO;redelijk;ja
3133;vmbo;vrouw;4;4;8.0;5.0;18;MBO-BOL;MBO;MBO;matig;ja
3134;vmbo;man;5;4;23.0;150.0;20;MBO-BOL;MBO;;matig;nee, diploma behaald
3135;vmbo;man;4;4;10.0;200.0;18;MBO-BOL;HBO of WO;HBO of WO;goed;ja
3136;vmbo;vrouw;7;6;20.0;200.0;17;MBO-BOL;havo of vwo;havo of vwo;redelijk;nee, gestopt
3137;vmbo;vrouw;3;4;10.0;180.0;17;MBO-BOL;MBO;basisonderwijs;matig;ja
3138;vmbo;man;4;4;;;17;MBO-BOL;MBO;MBO;goed;ja
3139;vmbo;vrouw;2;3;3.0;150.0;18;MBO-BOL;LBO of vmbo;LBO of vmbo;redelijk;ja
3140;vmbo;vrouw;1;4;7.0;200.0;18;MBO-BOL;LBO of vmbo;LBO of vmbo;matig;ja
3141;vmbo;vrouw;3;3;4.0;60.0;18;MBO-BOL;MBO;LBO of vmbo;redelijk;ja
3142;vmbo;man;6;5;;;18;MBO-BOL;MBO;MBO;goed;ja
3143;vmbo;vrouw;5;5;10.0;260.0;18;;MBO;MBO;;
3144;vmbo;vrouw;6;4;16.0;285.0;18;MBO-BOL;MBO;MBO;goed;ja
3145;vmbo;vrouw;3;3;;;17;MBO-BOL;MBO;HBO of WO;goed;ja
3146;vmbo;vrouw;;;;;18;MBO-BOL;;;redelijk;ja
3147;vmbo;vrouw;4;4;8.0;150.0;17;MBO-BBL;LBO of vmbo;LBO of vmbo;goed;ja
3148;vmbo;vrouw;5;6;;;19;MBO-BOL;HBO of WO;MBO;redelijk;ja
3149;vmbo;vrouw;;;;;17;MBO-BOL;;;;
3150;vmbo;vrouw;3;3;8.0;80.0;17;MBO-BBL;havo of vwo;LBO of vmbo;matig;ja
3151;vmbo;vrouw;5;5;;;17;MBO-BOL;MBO;MBO;goed;nee, gestopt
3152;vmbo;man;;;;;17;;;;;
3153;vmbo;vrouw;5;4;6.0;110.0;17;MBO-BOL;LBO of vmbo;basisonderwijs;redelijk;ja
3154;vmbo;vrouw;3;3;10.0;140.0;19;MBO-BOL;HBO of WO;HBO of WO;redelijk;ja
3155;vmbo;man;6;6;20.0;400.0;18;MBO-BOL;MBO;LBO of vmbo;redelijk;ja
3156;vmbo;vrouw;4;4;8.0;;17;MBO-BOL;MBO;LBO of vmbo;redelijk;ja
3157;vmbo;vrouw;5;3;;;18;MBO-BOL;LBO of vmbo;LBO of vmbo;redelijk;ja
3158;vmbo;man;3;3;;;17;MBO-BOL;MBO;LBO of vmbo;matig;ja
3159;vmbo;vrouw;5;4;28.0;;17;MBO-BOL;basisonderwijs;basisonderwijs;goed;nee, gestopt
3160;vmbo;vrouw;;;;;19;MBO-BOL;;;redelijk;ja
3161;vmbo;vrouw;6;4;40.0;;17;MBO-BBL;MBO;MBO;goed;ja
3162;vmbo;vrouw;4;5;;;18;MBO-BBL;HBO of WO;HBO of WO;matig;ja
3163;vmbo;vrouw;4;4;8.0;100.0;17;MBO-BOL;;basisonderwijs;goed;ja
3164;vmbo;vrouw;7;3;4.0;160.0;17;MBO-BOL;HBO of WO;MBO;goed;ja
3165;vmbo;vrouw;5;4;8.0;4.0;17;MBO-BOL;MBO;MBO;goed;ja
3166;vmbo;vrouw;7;5;15.0;;17;MBO-BOL;MBO;MBO;matig;ja
3167;vmbo;vrouw;6;4;11.0;160.0;17;MBO-BOL;MBO;MBO;matig;ja
3168;vmbo;man;2;3;;;18;MBO-BOL;LBO of vmbo;basisonderwijs;matig;nee, gestopt
3169;vmbo;vrouw;4;2;9.0;150.0;17;MBO-BOL;basisonderwijs;basisonderwijs;slecht;ja
3170;vmbo;man;6;4;12.0;300.0;17;MBO-BOL;HBO of WO;HBO of WO;goed;ja
3171;vmbo;man;4;3;5.0;832.0;17;;MBO;MBO;;
3172;vmbo;man;4;4;8.0;135.0;18;MBO-BOL;MBO;MBO;redelijk;ja
3173;vmbo;man;1;3;;;17;MBO-BOL;MBO;HBO of WO;slecht;ja
3174;vmbo;vrouw;;;26.0;480.0;18;MBO-BBL;;;redelijk;ja
3175;vmbo;man;6;5;;;18;MBO-BOL;LBO of vmbo;LBO of vmbo;goed;ja
3176;vmbo;vrouw;4;2;10.0;200.0;17;MBO-BOL;MBO;HBO of WO;redelijk;ja
3177;vmbo;man;4;5;36.0;160.0;17;MBO-BOL;LBO of vmbo;LBO of vmbo;goed;ja
3178;vmbo;man;6;5;8.0;44.0;18;MBO-BOL;MBO;MBO;goed;ja
3179;vmbo;vrouw;5;5;9.0;331.0;17;MBO-BOL;havo of vwo;havo of vwo;slecht;ja
3180;vmbo;man;4;4;32.0;800.0;18;MBO-BOL;MBO;LBO of vmbo;goed;ja
3181;vmbo;man;5;4;32.0;;18;MBO-BBL;LBO of vmbo;LBO of vmbo;redelijk;ja
3182;vmbo;man;4;4;;;18;MBO-BBL;;;matig;nee, gestopt
3183;vmbo;vrouw;6;6;7.0;70.0;18;MBO-BOL;LBO of vmbo;basisonderwijs;goed;ja
3184;vmbo;vrouw;5;5;6.0;80.0;17;MBO-BOL;havo of vwo;LBO of vmbo;redelijk;ja
3185;vmbo;vrouw;3;4;9.0;160.0;17;;MBO;MBO;;
3186;vmbo;man;5;4;;;17;MBO-BBL;LBO of vmbo;LBO of vmbo;redelijk;ja
3187;vmbo;vrouw;4;4;;;17;MBO-BBL;MBO;MBO;goed;nee, gestopt
3188;vmbo;man;5;5;32.0;470.0;18;MBO-BBL;havo of vwo;MBO;redelijk;ja
3189;vmbo;man;5;4;24.0;;18;MBO-BBL;LBO of vmbo;LBO of vmbo;goed;ja
3190;vmbo;vrouw;;;20.0;100.0;19;MBO-BOL;;;redelijk;ja
3191;vmbo;man;4;4;;;18;MBO-BOL;havo of vwo;havo of vwo;goed;ja
3192;vmbo;man;4;4;38.0;915.0;18;;LBO of vmbo;LBO of vmbo;;
3193;vmbo;man;3;2;;;18;MBO-BOL;MBO;MBO;;ja
3194;vmbo;vrouw;4;4;7.0;131.0;17;MBO-BOL;MBO;MBO;matig;ja
3195;vmbo;man;6;4;24.0;772.0;17;MBO-BBL;LBO of vmbo;MBO;goed;ja
3196;vmbo;vrouw;5;4;;;18;MBO-BOL;LBO of vmbo;MBO;slecht;ja
3197;vmbo;man;4;4;6.0;100.0;18;MBO-BOL;LBO of vmbo;LBO of vmbo;goed;ja
3198;vmbo;man;4;3;30.0;595.0;17;MBO-BBL;HBO of WO;MBO;redelijk;ja
3199;vmbo;man;4;4;;;18;MBO-BOL;basisonderwijs;LBO of vmbo;matig;ja
3200;vmbo;man;6;4;30.0;537.0;18;MBO-BBL;MBO;MBO;goed;ja
3201;vmbo;man;4;4;;;18;MBO-BBL;MBO;HBO of WO;slecht;nee, gestopt
3202;vmbo;vrouw;4;4;;;17;MBO-BOL;MBO;LBO of vmbo;goed;ja
3203;vmbo;vrouw;3;3;;;17;MBO-BOL;MBO;MBO;redelijk;ja
3204;vmbo;man;2;4;;;18;MBO-BOL;MBO;MBO;slecht;ja
3205;vmbo;man;1;1;30.0;300.0;18;MBO-BOL;HBO of WO;MBO;goed;ja
3206;vmbo;vrouw;6;4;29.0;520.0;18;MBO-BBL;MBO;MBO;matig;ja
3207;vmbo;man;2;2;32.0;700.0;18;MBO-BBL;HBO of WO;MBO;matig;ja
3208;vmbo;vrouw;6;5;;;18;MBO-BOL;MBO;MBO;matig;ja
3209;vmbo;vrouw;1;2;22.0;200.0;18;MBO-BBL;LBO of vmbo;LBO of vmbo;redelijk;ja
3210;vmbo;man;4;4;12.0;180.0;17;MBO-BOL;LBO of vmbo;LBO of vmbo;goed;ja
3211;vmbo;vrouw;5;4;4.0;113.0;17;MBO-BOL;HBO of WO;HBO of WO;goed;ja
3212;vmbo;man;4;4;;;17;MBO-BOL;HBO of WO;HBO of WO;matig;ja
3213;vmbo;vrouw;6;5;9.0;250.0;17;MBO-BOL;LBO of vmbo;havo of vwo;redelijk;ja
3214;vmbo;vrouw;6;5;32.0;;18;MBO-BBL;MBO;MBO;redelijk;ja
3215;vmbo;vrouw;4;4;8.0;;17;MBO-BOL;MBO;MBO;goed;ja
3216;vmbo;vrouw;5;3;;;17;MBO-BOL;LBO of vmbo;LBO of vmbo;goed;ja
3217;vmbo;vrouw;4;3;;;17;MBO-BOL;MBO;MBO;goed;ja
3218;vmbo;vrouw;5;4;30.0;;17;MBO-BOL;basisonderwijs;LBO of vmbo;goed;ja
3219;vmbo;vrouw;4;4;;;18;MBO-BOL;MBO;LBO of vmbo;slecht;nee, diploma behaald
3220;vmbo;vrouw;5;4;;;18;MBO-BBL;LBO of vmbo;MBO;goed;ja
3221;vmbo;man;4;4;12.0;178.0;18;MBO-BOL;MBO;MBO;goed;ja
3222;vmbo;vrouw;4;3;12.0;63.0;18;MBO-BOL;;basisonderwijs;matig;ja
3223;vmbo;man;4;4;36.0;6.0;17;MBO-BBL;MBO;LBO of vmbo;goed;ja
3224;vmbo;vrouw;6;5;12.0;240.0;18;MBO-BOL;MBO;MBO;;ja
3225;vmbo;vrouw;4;4;4.0;4.0;17;MBO-BOL;MBO;MBO;goed;ja
3226;vmbo;vrouw;5;5;24.0;470.0;18;MBO-BBL;LBO of vmbo;LBO of vmbo;matig;
3227;vmbo;vrouw;6;4;;;18;MBO-BBL;LBO of vmbo;LBO of vmbo;redelijk;ja
3228;vmbo;vrouw;4;4;12.0;;18;MBO-BOL;havo of vwo;havo of vwo;goed;ja
3229;vmbo;vrouw;4;4;5.0;87.0;17;MBO-BOL;MBO;MBO;redelijk;ja
3230;vmbo;vrouw;4;4;;;18;MBO-BOL;MBO;MBO;goed;nee, gestopt
3231;vmbo;man;4;3;6.0;100.0;16;MBO-BBL;MBO;MBO;redelijk;ja
3232;vmbo;man;4;2;32.0;700.0;17;MBO-BBL;MBO;HBO of WO;redelijk;ja
3233;vmbo;man;;5;32.0;792.0;18;MBO-BBL;MBO;LBO of vmbo;redelijk;ja
3234;vmbo;man;4;4;;;17;MBO-BOL;HBO of WO;LBO of vmbo;goed;ja
3235;vmbo;vrouw;5;4;;;17;MBO-BOL;MBO;MBO;goed;ja
3236;vmbo;vrouw;2;2;21.0;321.0;17;MBO-BOL;MBO;LBO of vmbo;redelijk;ja
3237;vmbo;man;6;4;;;18;MBO-BOL;LBO of vmbo;HBO of WO;goed;ja
3238;vmbo;vrouw;5;4;;;18;MBO-BBL;havo of vwo;basisonderwijs;goed;ja
3239;vmbo;man;5;5;;;18;MBO-BBL;MBO;MBO;redelijk;nee, gestopt
3240;vmbo;vrouw;4;4;24.0;;18;MBO-BOL;MBO;MBO;redelijk;ja
3241;vmbo;vrouw;5;5;24.0;;18;overig;;;;
3242;vmbo;man;4;5;39.0;900.0;17;MBO-BBL;MBO;MBO;redelijk;ja
3243;vmbo;vrouw;4;4;37.0;163.0;18;MBO-BOL;LBO of vmbo;LBO of vmbo;;ja
3244;vmbo;man;5;5;18.0;4.0;18;MBO-BOL;MBO;havo of vwo;redelijk;ja
3245;vmbo;vrouw;5;4;;;17;MBO-BOL;LBO of vmbo;LBO of vmbo;goed;ja
3246;vmbo;man;5;3;;;18;MBO-BOL;MBO;HBO of WO;redelijk;ja
3247;vmbo;man;4;3;38.0;650.0;17;MBO-BBL;MBO;MBO;redelijk;ja
3248;vmbo;man;4;2;40.0;1000.0;18;MBO-BBL;LBO of vmbo;MBO;redelijk;ja
3249;vmbo;vrouw;3;2;;;18;MBO-BOL;MBO;basisonderwijs;matig;ja
3250;vmbo;man;3;4;40.0;372.0;17;MBO-BBL;MBO;;goed;ja
3251;vmbo;man;3;4;;;18;geen opleiding, gaan werken;MBO;MBO;;
3252;vmbo;vrouw;3;3;;;18;overig;MBO;HBO of WO;;
3253;vmbo;vrouw;4;4;12.0;300.0;18;MBO-BOL;MBO;MBO;goed;ja
3254;vmbo;man;6;4;;160.0;17;MBO-BOL;MBO;MBO;goed;ja
3255;vmbo;man;3;4;5.0;;18;MBO-BBL;MBO;HBO of WO;redelijk;ja
3256;vmbo;man;5;5;4.0;100.0;17;MBO-BOL;MBO;MBO;goed;ja
3257;vmbo;vrouw;3;1;;;18;MBO-BOL;LBO of vmbo;LBO of vmbo;matig;nee, gestopt
3258;vmbo;man;5;4;6.0;120.0;28;MBO-BOL;HBO of WO;MBO;goed;ja
3259;vmbo;man;3;3;32.0;;17;MBO-BBL;havo of vwo;MBO;redelijk;ja
3260;vmbo;vrouw;4;4;;;17;MBO-BOL;havo of vwo;HBO of WO;redelijk;ja
3261;vmbo;vrouw;6;4;8.0;;17;MBO-BOL;MBO;MBO;redelijk;ja
3262;vmbo;man;6;5;9.0;157.0;17;MBO-BBL;LBO of vmbo;LBO of vmbo;matig;nee, gestopt
3263;vmbo;vrouw;5;5;;;18;MBO-BOL;LBO of vmbo;LBO of vmbo;redelijk;nee, gestopt
3264;vmbo;vrouw;4;4;36.0;;17;MBO-BBL;;;redelijk;ja
3265;vmbo;man;1;1;;;17;MBO-BOL;MBO;MBO;goed;ja
3266;vmbo;vrouw;3;4;;;17;;MBO;LBO of vmbo;;
3267;vmbo;man;5;4;32.0;460.0;17;MBO-BBL;MBO;LBO of vmbo;goed;nee, diploma behaald
3268;vmbo;man;5;4;;;18;MBO-BBL;;;redelijk;ja
3269;vmbo;vrouw;3;4;;;18;MBO-BOL;HBO of WO;LBO of vmbo;redelijk;ja
3270;vmbo;vrouw;4;4;8.0;250.0;17;MBO-BOL;HBO of WO;MBO;goed;ja
3271;vmbo;man;4;4;32.0;700.0;17;MBO-BBL;MBO;MBO;redelijk;ja
3272;vmbo;vrouw;4;3;10.0;242.0;17;MBO-BOL;MBO;MBO;goed;nee, diploma behaald
3273;vmbo;vrouw;3;3;5.0;100.0;17;MBO-BOL;MBO;LBO of vmbo;redelijk;ja
3274;vmbo;man;4;4;;;17;MBO-BOL;havo of vwo;MBO;redelijk;ja
3275;vmbo;man;4;4;;;18;;LBO of vmbo;LBO of vmbo;;
3276;vmbo;vrouw;3;3;12.0;170.0;17;MBO-BOL;HBO of WO;HBO of WO;redelijk;ja
3277;vmbo;man;6;4;24.0;460.0;17;MBO-BBL;LBO of vmbo;MBO;redelijk;nee, gestopt
3278;vmbo;man;4;4;3.0;48.0;17;MBO-BOL;havo of vwo;MBO;matig;ja
3279;vmbo;vrouw;6;6;10.0;150.0;17;MBO-BBL;MBO;;redelijk;nee, diploma behaald
3280;vmbo;man;3;4;12.0;;17;MBO-BOL;LBO of vmbo;LBO of vmbo;goed;ja
3281;vmbo;man;5;5;32.0;600.0;17;MBO-BBL;MBO;MBO;matig;ja
3282;vmbo;vrouw;5;3;12.0;200.0;18;MBO-BOL;MBO;LBO of vmbo;goed;ja
3283;vmbo;vrouw;4;4;;;17;MBO-BOL;HBO of WO;HBO of WO;goed;ja
3284;vmbo;vrouw;5;5;25.0;550.0;17;MBO-BBL;basisonderwijs;basisonderwijs;goed;ja
3285;vmbo;man;6;5;;;18;MBO-BOL;MBO;LBO of vmbo;goed;ja
3286;vmbo;man;4;4;10.0;100.0;17;MBO-BOL;HBO of WO;MBO;redelijk;ja
3287;vmbo;vrouw;5;5;;;18;MBO-BOL;;;goed;ja
3288;vmbo;man;4;4;15.0;;17;MBO-BOL;MBO;LBO of vmbo;matig;ja
3289;vmbo;vrouw;4;4;;;19;MBO-BOL;MBO;MBO;redelijk;ja
3290;vmbo;man;5;3;30.0;60.0;17;MBO-BOL;HBO of WO;MBO;matig;ja
3291;vmbo;man;4;4;;;17;MBO-BBL;MBO;MBO;goed;ja
3292;vmbo;vrouw;5;4;2.0;16.0;18;MBO-BOL;HBO of WO;HBO of WO;redelijk;ja
3293;vmbo;vrouw;6;4;;;18;MBO-BOL;HBO of WO;MBO;redelijk;ja
3294;vmbo;man;4;4;;;18;MBO-BBL;LBO of vmbo;LBO of vmbo;matig;nee, gestopt
3295;vmbo;man;5;3;;;17;MBO-BOL;havo of vwo;LBO of vmbo;slecht;ja
3296;vmbo;man;4;5;24.0;600.0;18;MBO-BBL;MBO;MBO;goed;ja
3297;vmbo;vrouw;4;4;8.0;100.0;18;MBO-BOL;MBO;MBO;goed;ja
3298;vmbo;man;2;1;8.0;;17;MBO-BBL;MBO;MBO;goed;ja
3299;vmbo;man;6;6;32.0;652.0;17;MBO-BBL;MBO;MBO;;ja
3300;vmbo;man;5;3;;;17;MBO-BOL;HBO of WO;LBO of vmbo;redelijk;ja
3301;vmbo;vrouw;5;4;;;18;MBO-BOL;MBO;MBO;redelijk;ja
3302;vmbo;vrouw;6;5;8.0;60.0;17;MBO-BOL;LBO of vmbo;LBO of vmbo;redelijk;ja
3303;vmbo;man;5;5;6.0;60.0;18;MBO-BOL;MBO;MBO;goed;ja
3304;vmbo;man;5;4;;;17;MBO-BOL;MBO;MBO;matig;ja
3305;vmbo;man;6;5;45.0;;17;MBO-BBL;MBO;MBO;goed;ja
3306;vmbo;vrouw;5;4;;;18;MBO-BOL;MBO;MBO;goed;ja
3307;vmbo;vrouw;6;3;24.0;440.0;17;MBO-BBL;LBO of vmbo;basisonderwijs;matig;ja
3308;vmbo;man;4;4;32.0;600.0;17;MBO-BOL;MBO;MBO;redelijk;nee, diploma behaald
3309;vmbo;man;2;2;;;18;MBO-BOL;MBO;LBO of vmbo;redelijk;ja
3310;vmbo;vrouw;4;5;;;18;MBO-BOL;MBO;MBO;slecht;ja
3311;vmbo;vrouw;4;4;;150.0;17;MBO-BOL;LBO of vmbo;LBO of vmbo;goed;ja
3312;vmbo;vrouw;5;4;;;18;MBO-BOL;HBO of WO;HBO of WO;goed;ja
3313;vmbo;vrouw;4;5;;;18;MBO-BOL;LBO of vmbo;LBO of vmbo;goed;ja
3314;vmbo;man;3;1;32.0;560.0;17;MBO-BBL;MBO;MBO;matig;ja
3315;vmbo;vrouw;3;3;3.0;95.0;16;MBO-BOL;havo of vwo;;matig;ja
3316;vmbo;vrouw;4;4;;;18;MBO-BOL;HBO of WO;HBO of WO;goed;nee, diploma behaald
3317;vmbo;vrouw;3;2;;;18;MBO-BOL;LBO of vmbo;LBO of vmbo;matig;ja
3318;vmbo;vrouw;5;4;23.0;150.0;19;MBO-BOL;MBO;MBO;redelijk;ja
3319;vmbo;vrouw;6;5;;;17;MBO-BOL;LBO of vmbo;LBO of vmbo;goed;ja
3320;vmbo;vrouw;;;;;17;MBO-BOL;MBO;HBO of WO;goed;
3321;vmbo;man;6;4;;;17;MBO-BOL;havo of vwo;LBO of vmbo;goed;ja
3322;vmbo;vrouw;2;7;6.0;100.0;18;MBO-BOL;HBO of WO;MBO;redelijk;ja
3323;vmbo;vrouw;4;3;24.0;;18;overig;LBO of vmbo;MBO;;
3324;vmbo;vrouw;5;3;7.0;300.0;17;MBO-BOL;LBO of vmbo;LBO of vmbo;goed;ja
3325;vmbo;vrouw;6;4;20.0;;17;overig;MBO;LBO of vmbo;;
3326;vmbo;vrouw;4;4;32.0;400.0;17;MBO-BBL;LBO of vmbo;LBO of vmbo;redelijk;ja
3327;vmbo;vrouw;6;6;;;18;MBO-BOL;;;goed;ja
3328;vmbo;man;3;3;9.0;70.0;18;MBO-BOL;LBO of vmbo;LBO of vmbo;matig;ja
3329;vmbo;man;5;3;12.0;450.0;17;MBO-BOL;MBO;MBO;redelijk;ja
3330;vmbo;vrouw;5;3;9.0;200.0;17;MBO-BOL;LBO of vmbo;LBO of vmbo;redelijk;ja
3331;vmbo;man;6;3;;;17;MBO-BOL;LBO of vmbo;MBO;matig;ja
3332;vmbo;vrouw;;;;;17;havo;;;matig;
3333;vmbo;man;6;5;4.0;6.0;17;MBO-BOL;MBO;MBO;goed;ja
3334;vmbo;vrouw;6;5;;;18;MBO-BOL;basisonderwijs;basisonderwijs;goed;ja
3335;vmbo;vrouw;6;6;5.0;105.0;18;MBO-BOL;MBO;MBO;redelijk;ja
3336;vmbo;vrouw;5;3;5.0;100.0;17;havo;HBO of WO;MBO;slecht;ja
3337;vmbo;vrouw;4;4;2.0;75.0;17;MBO-BOL;basisonderwijs;HBO of WO;matig;ja
3338;vmbo;man;5;5;7.0;115.0;17;MBO-BOL;MBO;HBO of WO;goed;ja
3339;vmbo;vrouw;4;4;6.0;100.0;17;MBO-BOL;MBO;MBO;goed;ja
3340;vmbo;vrouw;5;4;25.0;;17;geen opleiding, gaan werken;MBO;MBO;;
3341;vmbo;vrouw;5;3;10.0;230.0;17;MBO-BOL;HBO of WO;MBO;goed;ja
3342;vmbo;vrouw;6;4;5.0;20.0;18;MBO-BOL;MBO;MBO;redelijk;ja
3343;vmbo;vrouw;4;3;;;17;MBO-BOL;MBO;LBO of vmbo;redelijk;ja
3344;vmbo;vrouw;6;5;12.0;69.0;17;MBO-BOL;MBO;MBO;goed;ja
3345;vmbo;vrouw;3;3;4.0;40.0;18;havo;HBO of WO;HBO of WO;redelijk;ja
3346;vmbo;man;5;3;3.0;120.0;17;MBO-BOL;MBO;MBO;redelijk;ja
3347;vmbo;man;1;4;32.0;700.0;17;MBO-BOL;MBO;MBO;goed;ja
3348;vmbo;vrouw;4;4;10.0;90.0;17;MBO-BOL;LBO of vmbo;MBO;redelijk;ja
3349;vmbo;vrouw;5;3;15.0;400.0;17;MBO-BOL;HBO of WO;MBO;goed;ja
3350;vmbo;vrouw;4;4;;;17;MBO-BOL;LBO of vmbo;LBO of vmbo;goed;ja
3351;vmbo;man;4;3;;;19;MBO-BOL;HBO of WO;MBO;goed;ja
3352;vmbo;vrouw;5;4;40.0;400.0;17;MBO-BOL;MBO;HBO of WO;redelijk;ja
3353;vmbo;vrouw;6;5;;;17;MBO-BOL;MBO;HBO of WO;redelijk;ja
3354;vmbo;vrouw;4;3;39.0;300.0;17;MBO-BOL;LBO of vmbo;LBO of vmbo;redelijk;ja
3355;vmbo;vrouw;4;4;;;19;MBO-BOL;havo of vwo;basisonderwijs;redelijk;ja
3356;vmbo;man;5;3;8.0;368.0;17;havo;basisonderwijs;MBO;matig;ja
3357;vmbo;man;5;5;;;18;MBO-BOL;MBO;basisonderwijs;goed;ja
3358;vmbo;vrouw;3;4;;;17;MBO-BOL;HBO of WO;MBO;redelijk;nee, gestopt
3359;vmbo;vrouw;4;4;5.0;150.0;18;MBO-BOL;LBO of vmbo;basisonderwijs;redelijk;ja
3360;vmbo;man;4;4;;;18;MBO-BOL;MBO;HBO of WO;goed;ja
3361;vmbo;man;7;3;4.0;60.0;17;MBO-BOL;MBO;HBO of WO;matig;ja
3362;vmbo;vrouw;5;5;;;17;MBO-BOL;HBO of WO;HBO of WO;goed;ja
3363;vmbo;vrouw;6;3;10.0;250.0;17;havo;havo of vwo;MBO;redelijk;ja
3364;vmbo;vrouw;1;1;12.0;200.0;17;MBO-BOL;MBO;MBO;redelijk;ja
3365;vmbo;vrouw;6;6;13.0;180.0;17;MBO-BOL;havo of vwo;MBO;goed;ja
3366;vmbo;vrouw;5;4;8.0;;18;MBO-BOL;LBO of vmbo;LBO of vmbo;redelijk;ja
3367;vmbo;man;5;2;;;17;MBO-BOL;MBO;MBO;matig;nee, diploma behaald
3368;vmbo;vrouw;4;4;9.0;161.0;17;MBO-BOL;LBO of vmbo;havo of vwo;redelijk;ja
3369;havo of vwo;vrouw;6;5;;;18;;MBO;havo of vwo;matig;ja
3370;havo of vwo;vrouw;4;5;;;18;;MBO;MBO;slecht;nee, diploma behaald
3371;havo of vwo;vrouw;3;4;8.0;160.0;18;;MBO;MBO;redelijk;ja
3372;havo of vwo;vrouw;;;;;18;;;;;
3373;havo of vwo;man;2;3;12.0;250.0;18;;MBO;LBO of vmbo;redelijk;ja
3374;havo of vwo;vrouw;4;3;6.0;130.0;18;;MBO;MBO;matig;ja
3375;havo of vwo;vrouw;3;3;;;18;;MBO;MBO;redelijk;ja
3376;havo of vwo;man;5;4;8.0;200.0;18;;MBO;MBO;redelijk;nee, diploma behaald
3377;havo of vwo;vrouw;3;4;6.0;200.0;18;;HBO of WO;MBO;matig;ja
3378;havo of vwo;vrouw;4;6;2.0;48.0;18;;HBO of WO;HBO of WO;goed;ja
3379;havo of vwo;man;2;5;6.0;269.0;18;;MBO;MBO;redelijk;ja
3380;havo of vwo;vrouw;5;4;10.0;200.0;18;;MBO;havo of vwo;goed;ja
3381;havo of vwo;man;5;4;;;18;;HBO of WO;basisonderwijs;matig;ja
3382;havo of vwo;vrouw;3;5;8.0;150.0;19;;HBO of WO;MBO;redelijk;ja
3383;havo of vwo;man;3;4;;;19;;MBO;havo of vwo;;
3384;havo of vwo;man;1;2;10.0;200.0;19;;LBO of vmbo;MBO;matig;ja
3385;havo of vwo;vrouw;4;4;12.0;250.0;19;;HBO of WO;havo of vwo;redelijk;ja
3386;havo of vwo;vrouw;4;4;3.0;60.0;18;;basisonderwijs;basisonderwijs;goed;ja
3387;havo of vwo;vrouw;3;3;12.0;200.0;18;;MBO;LBO of vmbo;redelijk;ja
3388;havo of vwo;vrouw;;;;;18;;;;;
3389;havo of vwo;man;4;3;30.0;600.0;18;;MBO;MBO;redelijk;nee, gestopt
3390;havo of vwo;vrouw;5;4;17.0;250.0;17;;LBO of vmbo;LBO of vmbo;matig;ja
3391;havo of vwo;man;;;;;18;;;;;
3392;havo of vwo;vrouw;4;4;8.0;;18;;MBO;MBO;slecht;nee, gestopt
3393;havo of vwo;man;6;4;2.0;50.0;19;;HBO of WO;HBO of WO;redelijk;nee, gestopt
3394;havo of vwo;vrouw;5;4;;;19;;MBO;MBO;matig;ja
3395;havo of vwo;vrouw;;;;;19;;;;redelijk;
3396;havo of vwo;vrouw;6;5;10.0;200.0;18;;MBO;MBO;redelijk;ja
3397;havo of vwo;man;1;3;5.0;100.0;18;;MBO;LBO of vmbo;matig;ja
3398;havo of vwo;man;4;1;10.0;200.0;18;;MBO;HBO of WO;goed;ja
3399;havo of vwo;vrouw;6;6;;;20;;LBO of vmbo;LBO of vmbo;redelijk;ja
3400;havo of vwo;man;4;3;;;19;;HBO of WO;HBO of WO;;
3401;havo of vwo;vrouw;5;5;4.0;200.0;19;;MBO;MBO;redelijk;ja
3402;havo of vwo;vrouw;4;6;18.0;200.0;19;;HBO of WO;HBO of WO;;
3403;havo of vwo;vrouw;4;4;8.0;160.0;18;;havo of vwo;LBO of vmbo;redelijk;nee, gestopt
3404;havo of vwo;vrouw;3;4;6.0;;19;;LBO of vmbo;LBO of vmbo;goed;ja
3405;havo of vwo;vrouw;2;4;;;18;;HBO of WO;HBO of WO;;
3406;havo of vwo;vrouw;5;5;9.0;200.0;18;;MBO;MBO;matig;nee, gestopt
3407;havo of vwo;man;3;3;25.0;300.0;18;;MBO;HBO of WO;redelijk;ja
3408;havo of vwo;vrouw;3;5;38.0;411.0;18;;HBO of WO;MBO;matig;ja
3409;havo of vwo;vrouw;4;5;2.0;56.0;19;;MBO;MBO;matig;ja
3410;havo of vwo;man;4;4;;;19;;HBO of WO;MBO;matig;ja
3411;havo of vwo;vrouw;3;4;;;18;;;;;
3412;havo of vwo;vrouw;5;3;8.0;200.0;20;;HBO of WO;LBO of vmbo;matig;ja
3413;havo of vwo;vrouw;2;5;;;18;;HBO of WO;MBO;matig;nee, gestopt
3414;havo of vwo;vrouw;5;3;8.0;150.0;19;;LBO of vmbo;MBO;slecht;nee, gestopt
3415;havo of vwo;vrouw;5;4;4.0;6.0;19;;MBO;MBO;goed;nee, gestopt
3416;havo of vwo;man;3;4;10.0;160.0;18;;MBO;MBO;redelijk;ja
3417;havo of vwo;vrouw;6;5;;;19;;MBO;MBO;redelijk;ja
3418;havo of vwo;vrouw;6;5;6.0;200.0;19;;MBO;HBO of WO;goed;ja
3419;havo of vwo;man;5;4;;;20;;havo of vwo;HBO of WO;redelijk;ja
3420;havo of vwo;man;;;;;19;;;;redelijk;
3421;havo of vwo;vrouw;4;5;;;20;;MBO;HBO of WO;redelijk;ja
3422;havo of vwo;vrouw;6;5;;;20;;MBO;havo of vwo;goed;ja
3423;havo of vwo;vrouw;6;3;;;19;;HBO of WO;HBO of WO;goed;ja
3424;havo of vwo;man;5;4;8.0;150.0;19;;HBO of WO;HBO of WO;matig;ja
3425;havo of vwo;vrouw;3;4;9.0;190.0;19;;HBO of WO;HBO of WO;redelijk;ja
3426;havo of vwo;man;4;3;;;19;;HBO of WO;HBO of WO;redelijk;ja
3427;havo of vwo;vrouw;7;4;8.0;200.0;19;;HBO of WO;MBO;redelijk;ja
3428;havo of vwo;man;4;3;2.0;60.0;19;;HBO of WO;MBO;goed;ja
3429;havo of vwo;man;;;;;20;;;;goed;
3430;havo of vwo;vrouw;4;4;;;19;;MBO;HBO of WO;goed;ja
3431;havo of vwo;man;4;3;15.0;400.0;19;;HBO of WO;HBO of WO;redelijk;ja
3432;havo of vwo;vrouw;3;3;;;19;;MBO;HBO of WO;goed;ja
3433;havo of vwo;vrouw;;;;;19;;;;;
3434;havo of vwo;vrouw;3;5;5.0;170.0;19;;HBO of WO;HBO of WO;goed;ja
3435;havo of vwo;vrouw;4;4;8.0;180.0;19;;MBO;HBO of WO;goed;ja
3436;havo of vwo;vrouw;5;4;24.0;700.0;19;;havo of vwo;MBO;goed;nee, gestopt
3437;havo of vwo;vrouw;3;4;5.0;120.0;19;;HBO of WO;havo of vwo;redelijk;ja
3438;havo of vwo;man;5;4;;;18;;HBO of WO;MBO;goed;ja
3439;havo of vwo;man;4;2;;;19;;HBO of WO;basisonderwijs;slecht;nee, gestopt
3440;havo of vwo;vrouw;4;5;7.0;130.0;19;;HBO of WO;MBO;goed;ja
3441;havo of vwo;vrouw;4;4;;;19;;HBO of WO;HBO of WO;redelijk;ja
3442;havo of vwo;vrouw;3;4;6.0;250.0;19;;HBO of WO;MBO;goed;ja
3443;havo of vwo;man;5;4;8.0;400.0;19;;HBO of WO;havo of vwo;goed;ja
3444;havo of vwo;man;4;4;;;18;;LBO of vmbo;LBO of vmbo;redelijk;ja
3445;havo of vwo;vrouw;4;4;4.0;120.0;19;;LBO of vmbo;LBO of vmbo;goed;ja
3446;havo of vwo;man;5;5;;;18;;MBO;HBO of WO;goed;ja
3447;havo of vwo;man;3;3;8.0;320.0;18;;HBO of WO;MBO;goed;ja
3448;vmbo;vrouw;4;4;6.0;;17;MBO-BOL;MBO;MBO;goed;ja
3449;vmbo;man;2;1;10.0;300.0;18;MBO-BOL;LBO of vmbo;HBO of WO;redelijk;ja
3450;vmbo;vrouw;5;3;5.0;120.0;17;MBO-BOL;MBO;MBO;goed;ja
3451;vmbo;vrouw;5;4;6.0;200.0;17;MBO-BOL;MBO;;goed;ja
3452;vmbo;vrouw;5;4;;;17;MBO-BOL;basisonderwijs;MBO;;ja
3453;vmbo;man;6;6;;;17;MBO-BOL;MBO;HBO of WO;redelijk;ja
3454;vmbo;man;5;4;10.0;120.0;17;MBO-BOL;HBO of WO;HBO of WO;matig;ja
3455;vmbo;vrouw;5;4;;;17;MBO-BOL;HBO of WO;LBO of vmbo;redelijk;ja
3456;vmbo;man;4;4;32.0;850.0;18;MBO-BBL;LBO of vmbo;LBO of vmbo;redelijk;ja
3457;vmbo;man;6;4;4.0;60.0;18;MBO-BOL;MBO;MBO;matig;ja
3458;vmbo;man;5;3;;;17;MBO-BOL;havo of vwo;MBO;goed;ja
3459;vmbo;man;5;4;;;17;MBO-BOL;LBO of vmbo;LBO of vmbo;goed;ja
3460;vmbo;man;5;5;32.0;550.0;17;MBO-BBL;LBO of vmbo;MBO;goed;ja
3461;vmbo;man;3;2;32.0;600.0;17;MBO-BBL;MBO;LBO of vmbo;redelijk;nee, diploma behaald
3462;vmbo;man;3;5;32.0;800.0;18;MBO-BBL;;;goed;ja
3463;vmbo;man;6;3;7.0;115.0;18;MBO-BOL;MBO;MBO;redelijk;ja
3464;vmbo;man;4;4;8.0;180.0;17;MBO-BOL;MBO;MBO;redelijk;ja
3465;vmbo;man;4;4;;;18;MBO-BOL;MBO;HBO of WO;matig;ja
3466;vmbo;man;4;3;;;17;MBO-BOL;MBO;MBO;goed;ja
3467;vmbo;man;5;4;32.0;380.0;18;MBO-BOL;MBO;LBO of vmbo;goed;ja
3468;vmbo;man;6;4;24.0;690.0;16;MBO-BBL;basisonderwijs;LBO of vmbo;matig;ja
3469;vmbo;man;4;4;32.0;;17;MBO-BOL;HBO of WO;MBO;goed;ja
3470;vmbo;man;5;3;7.0;150.0;17;;MBO;LBO of vmbo;;
3471;vmbo;vrouw;4;4;;;17;MBO-BOL;LBO of vmbo;LBO of vmbo;redelijk;ja
3472;vmbo;man;5;4;10.0;200.0;17;MBO-BOL;MBO;MBO;goed;ja
3473;vmbo;vrouw;4;4;40.0;4.0;17;MBO-BOL;havo of vwo;basisonderwijs;redelijk;ja
3474;vmbo;man;6;6;;;18;MBO-BOL;MBO;LBO of vmbo;goed;ja
3475;vmbo;vrouw;4;1;12.0;250.0;17;MBO-BOL;MBO;MBO;goed;ja
3476;vmbo;man;4;4;;;17;MBO-BOL;LBO of vmbo;LBO of vmbo;goed;ja
3477;vmbo;man;5;4;;;18;MBO-BOL;MBO;LBO of vmbo;goed;ja
3478;vmbo;man;4;3;;;18;MBO-BOL;MBO;MBO;redelijk;ja
3479;vmbo;vrouw;6;5;8.0;120.0;17;MBO-BOL;HBO of WO;HBO of WO;goed;ja
3480;vmbo;vrouw;4;2;8.0;120.0;17;MBO-BOL;HBO of WO;HBO of WO;goed;ja
3481;vmbo;vrouw;7;7;7.0;;17;MBO-BOL;HBO of WO;HBO of WO;redelijk;ja
3482;vmbo;vrouw;4;4;7.0;100.0;16;MBO-BOL;MBO;HBO of WO;goed;ja
3483;vmbo;vrouw;3;4;12.0;150.0;17;MBO-BBL;HBO of WO;MBO;goed;ja
3484;vmbo;man;6;4;;;18;MBO-BOL;MBO;MBO;goed;ja
3485;vmbo;man;4;3;;;17;havo;HBO of WO;MBO;goed;ja
3486;vmbo;vrouw;6;5;;;17;MBO-BOL;MBO;MBO;redelijk;ja
3487;vmbo;man;4;5;20.0;;19;MBO-BBL;havo of vwo;LBO of vmbo;matig;ja
3488;vmbo;vrouw;3;3;10.0;160.0;18;MBO-BBL;LBO of vmbo;LBO of vmbo;redelijk;ja
3489;vmbo;vrouw;3;3;;;17;MBO-BOL;LBO of vmbo;HBO of WO;matig;ja
3490;vmbo;vrouw;5;5;;;18;MBO-BOL;MBO;HBO of WO;redelijk;ja
3491;vmbo;man;5;2;;;17;MBO-BOL;HBO of WO;HBO of WO;redelijk;ja
3492;vmbo;man;4;1;;;18;MBO-BOL;MBO;MBO;redelijk;ja
3493;vmbo;man;5;4;8.0;4.0;17;MBO-BOL;HBO of WO;MBO;goed;ja
3494;vmbo;vrouw;4;4;8.0;165.0;17;MBO-BOL;LBO of vmbo;LBO of vmbo;goed;ja
3495;vmbo;man;5;4;;;17;MBO-BOL;MBO;MBO;redelijk;ja
3496;vmbo;vrouw;4;4;8.0;200.0;17;MBO-BOL;MBO;HBO of WO;redelijk;ja
3497;vmbo;vrouw;4;4;9.0;120.0;18;MBO-BBL;MBO;MBO;goed;ja
3498;vmbo;vrouw;4;3;;;18;MBO-BOL;MBO;MBO;redelijk;ja
3499;vmbo;vrouw;4;3;6.0;;17;MBO-BOL;LBO of vmbo;MBO;goed;ja
3500;vmbo;vrouw;4;4;7.0;120.0;17;MBO-BOL;MBO;MBO;redelijk;ja
3501;vmbo;man;4;5;;;17;MBO-BOL;LBO of vmbo;havo of vwo;goed;ja
3502;vmbo;vrouw;4;2;7.0;100.0;17;havo;MBO;MBO;redelijk;ja
3503;vmbo;man;7;3;;;17;MBO-BBL;havo of vwo;MBO;redelijk;nee, gestopt
3504;vmbo;vrouw;5;4;6.0;235.0;18;MBO-BOL;MBO;MBO;goed;ja
3505;vmbo;man;;;;;15;;;;;
3506;vmbo;vrouw;4;3;4.0;160.0;18;MBO-BOL;MBO;MBO;redelijk;ja
3507;vmbo;vrouw;3;5;8.0;180.0;17;MBO-BOL;MBO;MBO;redelijk;ja
3508;vmbo;vrouw;5;5;8.0;120.0;17;MBO-BOL;LBO of vmbo;LBO of vmbo;goed;ja
3509;vmbo;vrouw;3;4;12.0;275.0;17;MBO-BBL;HBO of WO;MBO;goed;ja
3510;vmbo;vrouw;5;2;8.0;100.0;17;MBO-BOL;MBO;MBO;redelijk;ja
3511;vmbo;vrouw;4;4;5.0;100.0;17;MBO-BOL;MBO;MBO;goed;ja
3512;vmbo;vrouw;2;4;10.0;180.0;17;MBO-BOL;MBO;MBO;goed;ja
3513;vmbo;vrouw;5;5;8.0;100.0;17;MBO-BOL;MBO;HBO of WO;matig;ja
3514;vmbo;man;7;2;4.0;60.0;17;MBO-BOL;MBO;MBO;redelijk;ja
3515;vmbo;vrouw;5;4;;;17;MBO-BBL;havo of vwo;havo of vwo;redelijk;ja
3516;vmbo;vrouw;4;4;9.0;4.0;17;MBO-BOL;LBO of vmbo;LBO of vmbo;redelijk;ja
3517;vmbo;man;5;5;4.0;5.0;18;MBO-BOL;MBO;HBO of WO;redelijk;ja
3518;vmbo;vrouw;4;3;6.0;150.0;17;MBO-BOL;HBO of WO;MBO;goed;ja
3519;vmbo;vrouw;6;5;28.0;200.0;17;MBO-BOL;MBO;HBO of WO;goed;ja
3520;vmbo;vrouw;2;2;13.0;140.0;18;MBO-BOL;MBO;HBO of WO;redelijk;ja
3521;vmbo;vrouw;2;3;;;17;MBO-BOL;MBO;MBO;matig;ja
3522;vmbo;vrouw;6;5;;;18;MBO-BOL;HBO of WO;HBO of WO;redelijk;ja
3523;vmbo;vrouw;5;4;;;17;MBO-BBL;MBO;MBO;goed;ja
3524;vmbo;vrouw;;;;;17;MBO-BOL;;;slecht;
3525;vmbo;vrouw;2;3;;;17;MBO-BBL;MBO;HBO of WO;goed;ja
3526;vmbo;vrouw;1;2;8.0;106.0;17;MBO-BOL;MBO;LBO of vmbo;slecht;ja
3527;vmbo;vrouw;5;5;;;18;MBO-BOL;LBO of vmbo;basisonderwijs;goed;ja
3528;vmbo;vrouw;4;3;8.0;;17;MBO-BOL;MBO;MBO;matig;ja
3529;vmbo;vrouw;4;5;6.0;70.0;18;MBO-BOL;;;redelijk;ja
3530;vmbo;man;5;4;10.0;130.0;17;MBO-BOL;HBO of WO;MBO;goed;ja
3531;vmbo;vrouw;1;1;40.0;;18;;LBO of vmbo;havo of vwo;;
3532;vmbo;vrouw;3;3;;;17;MBO-BOL;MBO;MBO;goed;ja
3533;vmbo;vrouw;3;2;3.0;35.0;18;MBO-BOL;HBO of WO;HBO of WO;goed;ja
3534;vmbo;vrouw;;;;;17;MBO-BOL;;;goed;nee, gestopt
3535;havo of vwo;vrouw;6;4;5.0;200.0;18;;havo of vwo;HBO of WO;redelijk;nee, gestopt
3536;havo of vwo;vrouw;6;5;;;18;;MBO;HBO of WO;goed;ja
3537;havo of vwo;vrouw;2;2;;;18;;LBO of vmbo;LBO of vmbo;slecht;ja
3538;havo of vwo;vrouw;3;4;12.0;300.0;18;;MBO;MBO;matig;ja
3539;havo of vwo;man;3;4;;;20;;basisonderwijs;;goed;ja
3540;havo of vwo;vrouw;5;4;;;18;;basisonderwijs;MBO;goed;ja
3541;havo of vwo;vrouw;6;4;9.0;250.0;18;;basisonderwijs;basisonderwijs;goed;nee, gestopt
3542;havo of vwo;man;3;4;20.0;;18;;HBO of WO;MBO;matig;nee, gestopt
3543;havo of vwo;vrouw;;;;;19;;;;;
3544;havo of vwo;man;;;;;19;;;;matig;
3545;havo of vwo;vrouw;2;4;7.0;;19;;HBO of WO;HBO of WO;goed;nee, gestopt
3546;havo of vwo;vrouw;5;5;;;19;;MBO;HBO of WO;;
3547;havo of vwo;man;6;2;15.0;300.0;19;;HBO of WO;HBO of WO;redelijk;nee, gestopt
3548;havo of vwo;vrouw;6;3;20.0;450.0;18;;LBO of vmbo;LBO of vmbo;redelijk;ja
3549;havo of vwo;man;1;3;16.0;270.0;19;;;;redelijk;ja
3550;havo of vwo;man;3;4;5.0;180.0;18;;HBO of WO;HBO of WO;matig;ja
3551;havo of vwo;man;4;4;6.0;300.0;18;;basisonderwijs;basisonderwijs;matig;ja
3552;havo of vwo;vrouw;4;6;12.0;600.0;18;;MBO;HBO of WO;redelijk;ja
3553;havo of vwo;man;5;4;;;20;;basisonderwijs;LBO of vmbo;redelijk;ja
3554;havo of vwo;vrouw;4;4;8.0;100.0;19;;HBO of WO;MBO;redelijk;nee, gestopt
3555;havo of vwo;vrouw;3;5;;;20;;MBO;HBO of WO;matig;nee, gestopt
3556;havo of vwo;man;5;4;;;19;;;basisonderwijs;redelijk;ja
3557;havo of vwo;man;2;3;10.0;300.0;19;;MBO;HBO of WO;goed;ja
3558;havo of vwo;man;3;4;5.0;150.0;19;;LBO of vmbo;basisonderwijs;redelijk;ja
3559;havo of vwo;vrouw;4;4;6.0;350.0;19;;HBO of WO;LBO of vmbo;goed;nee, gestopt
3560;havo of vwo;man;4;4;;;19;;MBO;MBO;redelijk;ja
3561;vmbo;man;6;5;10.0;200.0;17;MBO-BBL;havo of vwo;LBO of vmbo;goed;ja
3562;vmbo;vrouw;6;2;12.0;380.0;17;MBO-BOL;HBO of WO;LBO of vmbo;redelijk;ja
3563;vmbo;man;3;3;60.0;200.0;17;MBO-BOL;HBO of WO;HBO of WO;matig;ja
3564;vmbo;vrouw;4;4;;;17;MBO-BOL;MBO;MBO;redelijk;ja
3565;vmbo;man;3;3;12.0;250.0;18;havo;LBO of vmbo;HBO of WO;slecht;nee, gestopt
3566;vmbo;vrouw;4;2;;;17;MBO-BOL;basisonderwijs;HBO of WO;slecht;ja
3567;vmbo;man;3;2;7.0;150.0;17;havo;LBO of vmbo;HBO of WO;matig;nee, gestopt
3568;vmbo;vrouw;1;3;7.0;200.0;17;havo;LBO of vmbo;HBO of WO;slecht;ja
3569;vmbo;man;3;2;10.0;200.0;17;havo;basisonderwijs;basisonderwijs;matig;ja
3570;vmbo;man;3;3;16.0;350.0;18;MBO-BOL;MBO;MBO;redelijk;ja
3571;vmbo;vrouw;5;4;;;17;havo;MBO;MBO;redelijk;ja
3572;vmbo;vrouw;4;4;;;17;MBO-BOL;basisonderwijs;havo of vwo;goed;ja
3573;vmbo;vrouw;4;6;;;17;MBO-BOL;LBO of vmbo;MBO;goed;ja
3574;vmbo;vrouw;6;2;;;17;MBO-BOL;basisonderwijs;basisonderwijs;goed;ja
3575;vmbo;vrouw;5;3;7.0;88.0;16;MBO-BOL;havo of vwo;MBO;goed;ja
3576;vmbo;vrouw;5;5;;;17;MBO-BOL;LBO of vmbo;LBO of vmbo;goed;ja
3577;vmbo;vrouw;3;4;9.0;190.0;17;MBO-BOL;MBO;basisonderwijs;matig;ja
3578;vmbo;vrouw;6;5;8.0;200.0;17;MBO-BOL;HBO of WO;HBO of WO;goed;ja
3579;vmbo;vrouw;4;2;28.0;1091.0;17;MBO-BBL;MBO;HBO of WO;matig;ja
3580;vmbo;vrouw;4;4;;;19;MBO-BOL;HBO of WO;MBO;matig;ja
3581;havo of vwo;vrouw;4;4;7.0;240.0;18;;HBO of WO;MBO;redelijk;ja
3582;havo of vwo;vrouw;3;4;;;18;;MBO;MBO;goed;ja
3583;havo of vwo;vrouw;4;4;;;18;;havo of vwo;MBO;goed;ja
3584;havo of vwo;man;2;5;4.0;150.0;18;;HBO of WO;MBO;goed;ja
3585;havo of vwo;vrouw;2;4;;;18;;HBO of WO;LBO of vmbo;;
3586;havo of vwo;man;;;;;18;;;;;
3587;havo of vwo;vrouw;4;4;12.0;250.0;18;;HBO of WO;LBO of vmbo;redelijk;ja
3588;havo of vwo;man;3;5;;;18;;MBO;HBO of WO;redelijk;ja
3589;havo of vwo;vrouw;5;3;10.0;500.0;18;;havo of vwo;havo of vwo;redelijk;ja
3590;havo of vwo;man;3;5;;;18;;MBO;HBO of WO;matig;ja
3591;havo of vwo;man;;;;;18;;;;;
3592;havo of vwo;man;6;3;;;18;;MBO;HBO of WO;slecht;nee, gestopt
3593;havo of vwo;man;5;3;8.0;150.0;18;;havo of vwo;LBO of vmbo;matig;ja
3594;havo of vwo;vrouw;4;3;9.0;160.0;19;;MBO;MBO;goed;ja
3595;havo of vwo;vrouw;;;;;22;;;;goed;
3596;havo of vwo;vrouw;4;3;25.0;550.0;18;;MBO;MBO;;
3597;havo of vwo;man;4;4;10.0;200.0;18;;MBO;HBO of WO;slecht;nee, gestopt
3598;havo of vwo;man;4;3;15.0;360.0;19;;MBO;HBO of WO;redelijk;ja
3599;havo of vwo;man;3;4;;;19;;HBO of WO;HBO of WO;;
3600;havo of vwo;vrouw;4;3;;;18;;havo of vwo;MBO;;
3601;havo of vwo;man;;;;;19;;;;;
3602;havo of vwo;man;4;4;10.0;9.0;19;;MBO;MBO;matig;ja
3603;havo of vwo;vrouw;3;4;;;18;;HBO of WO;MBO;goed;ja
3604;havo of vwo;man;3;4;;;19;;HBO of WO;HBO of WO;goed;ja
3605;havo of vwo;vrouw;;;;;18;;;;;
3606;havo of vwo;vrouw;3;2;13.0;300.0;18;;MBO;HBO of WO;goed;ja
3607;havo of vwo;vrouw;6;6;;;19;;MBO;MBO;goed;ja
3608;havo of vwo;vrouw;3;3;;;19;;MBO;MBO;redelijk;ja
3609;havo of vwo;vrouw;3;4;;;18;;HBO of WO;HBO of WO;redelijk;ja
3610;havo of vwo;vrouw;5;4;;;19;;MBO;basisonderwijs;slecht;nee, gestopt
3611;havo of vwo;vrouw;6;6;;;20;;HBO of WO;MBO;redelijk;ja
3612;havo of vwo;man;6;5;7.0;370.0;20;;HBO of WO;HBO of WO;redelijk;ja
3613;havo of vwo;vrouw;4;4;6.0;150.0;19;;HBO of WO;MBO;matig;ja
3614;havo of vwo;man;1;2;;;19;;LBO of vmbo;MBO;goed;ja
3615;havo of vwo;vrouw;5;5;6.0;130.0;20;;HBO of WO;LBO of vmbo;goed;ja
3616;havo of vwo;vrouw;5;3;;;18;;MBO;HBO of WO;matig;ja
3617;havo of vwo;man;6;5;8.0;120.0;18;;LBO of vmbo;LBO of vmbo;goed;ja
3618;havo of vwo;man;5;2;12.0;200.0;18;;MBO;HBO of WO;goed;ja
3619;havo of vwo;vrouw;;;;;19;;;;;
3620;havo of vwo;vrouw;6;5;;;19;;HBO of WO;HBO of WO;redelijk;ja
3621;havo of vwo;vrouw;5;5;6.0;100.0;20;;MBO;HBO of WO;goed;ja
3622;havo of vwo;vrouw;6;5;;;21;;MBO;MBO;goed;ja
3623;havo of vwo;vrouw;5;3;5.0;100.0;19;;HBO of WO;HBO of WO;goed;ja
3624;havo of vwo;man;2;3;5.0;150.0;20;;HBO of WO;HBO of WO;goed;ja
3625;havo of vwo;man;4;2;;;19;;MBO;HBO of WO;matig;ja
3626;havo of vwo;vrouw;4;4;;;20;;LBO of vmbo;LBO of vmbo;goed;ja
3627;havo of vwo;vrouw;3;4;1.0;40.0;19;;HBO of WO;MBO;goed;ja
3628;havo of vwo;man;;;;;19;;;;;
3629;havo of vwo;man;;;;;19;;;;;
3630;havo of vwo;man;3;5;;;19;;havo of vwo;MBO;redelijk;ja
3631;havo of vwo;vrouw;5;4;;;19;;MBO;MBO;matig;ja
3632;havo of vwo;vrouw;3;4;;;19;;HBO of WO;HBO of WO;goed;ja
3633;havo of vwo;vrouw;6;4;;;20;;HBO of WO;HBO of WO;;
3634;havo of vwo;man;1;2;6.0;150.0;18;;MBO;MBO;;
3635;havo of vwo;vrouw;3;3;8.0;200.0;19;;HBO of WO;MBO;redelijk;ja
3636;havo of vwo;vrouw;4;3;;;20;;HBO of WO;HBO of WO;redelijk;ja
3637;vmbo;vrouw;4;2;;;18;MBO-BOL;MBO;HBO of WO;redelijk;ja
3638;vmbo;vrouw;1;4;;;17;MBO-BOL;LBO of vmbo;LBO of vmbo;matig;ja
3639;vmbo;man;4;4;;;17;MBO-BOL;MBO;LBO of vmbo;goed;ja
3640;vmbo;vrouw;3;4;;;18;MBO-BOL;MBO;HBO of WO;redelijk;ja
3641;vmbo;vrouw;6;5;6.0;;20;MBO-BOL;HBO of WO;LBO of vmbo;goed;nee, gestopt
3642;vmbo;man;4;4;;;19;MBO-BOL;MBO;HBO of WO;redelijk;ja
3643;vmbo;vrouw;5;2;9.0;443.0;17;MBO-BOL;LBO of vmbo;havo of vwo;redelijk;ja
3644;vmbo;vrouw;6;5;10.0;200.0;17;MBO-BOL;havo of vwo;LBO of vmbo;goed;ja
3645;vmbo;vrouw;2;2;8.0;300.0;18;MBO-BOL;MBO;MBO;redelijk;ja
3646;vmbo;vrouw;4;4;;;18;MBO-BOL;HBO of WO;HBO of WO;goed;ja
3647;vmbo;vrouw;4;3;40.0;250.0;18;MBO-BOL;havo of vwo;LBO of vmbo;redelijk;ja
3648;vmbo;vrouw;4;4;7.0;;17;MBO-BOL;MBO;MBO;redelijk;ja
3649;vmbo;man;5;7;8.0;80.0;17;MBO-BOL;LBO of vmbo;LBO of vmbo;redelijk;ja
3650;vmbo;vrouw;6;5;;;18;MBO-BOL;basisonderwijs;basisonderwijs;goed;ja
3651;vmbo;vrouw;3;4;;;18;MBO-BOL;HBO of WO;LBO of vmbo;redelijk;ja
3652;vmbo;vrouw;4;4;16.0;40.0;17;MBO-BOL;LBO of vmbo;LBO of vmbo;redelijk;ja
3653;vmbo;man;4;1;30.0;150.0;18;MBO-BOL;LBO of vmbo;LBO of vmbo;goed;ja
3654;vmbo;vrouw;4;5;10.0;250.0;17;MBO-BOL;MBO;LBO of vmbo;redelijk;ja
3655;vmbo;vrouw;3;3;7.0;160.0;17;MBO-BOL;HBO of WO;LBO of vmbo;redelijk;ja
3656;vmbo;vrouw;5;4;;;17;MBO-BOL;MBO;MBO;goed;ja
3657;vmbo;man;5;5;32.0;200.0;18;MBO-BBL;;;slecht;ja
3658;vmbo;man;5;4;;;18;;MBO;MBO;;
3659;vmbo;vrouw;5;4;;;18;MBO-BOL;HBO of WO;MBO;goed;ja
3660;vmbo;man;5;4;;;17;MBO-BOL;basisonderwijs;LBO of vmbo;slecht;ja
3661;vmbo;man;4;2;15.0;200.0;18;MBO-BOL;MBO;HBO of WO;goed;ja
3662;vmbo;vrouw;6;5;;;17;MBO-BOL;MBO;MBO;redelijk;ja
3663;vmbo;man;1;1;7.0;200.0;17;MBO-BOL;HBO of WO;LBO of vmbo;matig;ja
3664;vmbo;vrouw;3;4;;;17;MBO-BOL;HBO of WO;MBO;matig;ja
3665;vmbo;man;2;2;4.0;60.0;17;havo;MBO;LBO of vmbo;redelijk;ja
3666;vmbo;vrouw;5;3;;;17;MBO-BOL;MBO;HBO of WO;goed;ja
3667;vmbo;man;4;4;24.0;450.0;19;MBO-BOL;havo of vwo;HBO of WO;matig;nee, gestopt
3668;vmbo;man;2;4;;;17;MBO-BOL;MBO;LBO of vmbo;redelijk;ja
3669;vmbo;vrouw;4;3;;;17;havo;MBO;MBO;matig;ja
3670;vmbo;vrouw;5;4;;;17;MBO-BOL;MBO;MBO;redelijk;ja
3671;vmbo;vrouw;5;3;15.0;111.0;18;MBO-BOL;LBO of vmbo;LBO of vmbo;goed;ja
3672;vmbo;man;5;2;6.0;200.0;18;MBO-BOL;MBO;HBO of WO;redelijk;ja
3673;vmbo;vrouw;4;4;40.0;250.0;18;MBO-BOL;MBO;MBO;redelijk;ja
3674;vmbo;vrouw;2;1;9.0;120.0;17;havo;havo of vwo;basisonderwijs;goed;ja
3675;vmbo;vrouw;6;5;20.0;300.0;17;MBO-BOL;MBO;LBO of vmbo;redelijk;ja
3676;vmbo;vrouw;3;4;12.0;4.0;17;MBO-BOL;LBO of vmbo;LBO of vmbo;redelijk;ja
3677;vmbo;vrouw;5;4;;;18;MBO-BOL;MBO;MBO;goed;ja
3678;vmbo;man;4;1;;;17;MBO-BOL;LBO of vmbo;LBO of vmbo;goed;ja
3679;vmbo;vrouw;5;4;9.0;131.0;17;MBO-BOL;MBO;HBO of WO;goed;ja
3680;vmbo;vrouw;5;4;;;17;MBO-BOL;MBO;MBO;redelijk;ja
3681;vmbo;man;2;1;;;17;MBO-BOL;MBO;HBO of WO;redelijk;ja
3682;vmbo;vrouw;6;4;;;17;MBO-BOL;MBO;HBO of WO;matig;nee, gestopt
3683;vmbo;man;4;4;12.0;250.0;17;MBO-BOL;MBO;HBO of WO;goed;ja
3684;vmbo;man;4;3;18.0;250.0;17;MBO-BOL;MBO;MBO;redelijk;ja
3685;vmbo;vrouw;5;4;;;18;MBO-BOL;HBO of WO;HBO of WO;goed;ja
3686;vmbo;vrouw;3;2;3.0;45.0;17;MBO-BOL;MBO;LBO of vmbo;matig;ja
3687;vmbo;vrouw;6;4;6.0;;18;MBO-BOL;MBO;HBO of WO;redelijk;ja
3688;vmbo;man;2;3;5.0;230.0;18;MBO-BOL;MBO;MBO;redelijk;ja
3689;vmbo;man;3;3;;;18;MBO-BOL;havo of vwo;MBO;goed;ja
